Year,Crop,Soil_Type,Soil_pH,N,P,K,Rainfall_mm,Temp_Avg_C,Humidity,Sunshine_hr,Irrigation_mm,Fertilizer_kg_ha,Pesticide_kg_ha,Yield_ton_ha
2011,Barley,Laterite,7.62,199,91,103,1907,32.8,82,2265,1181,475,2.59,4.76
2019,Pulses,Alluvial,7.57,125,20,82,2089,23.2,36,2042,1527,473,3.91,2.7
2015,Barley,Desert,6.62,213,63,86,570,17.9,62,3044,2158,227,1.46,7.54
2012,Sugarcane,Laterite,6.0,135,94,71,422,25.5,34,2272,758,468,0.65,7.12
2011,Sugarcane,Laterite,6.79,189,58,87,1580,34.3,78,2758,421,329,2.37,1.87
2015,Soybean,Desert,5.93,236,73,45,1744,27.2,57,2332,1756,393,3.64,8.61
2015,Millet,Laterite,8.17,183,94,94,558,34.7,37,2293,2405,66,3.18,3.61
2008,Millet,Laterite,6.54,156,48,21,1247,31.8,44,2698,547,345,2.57,5.17
2012,Rice,Laterite,5.96,225,73,33,2394,15.7,81,1881,1382,251,1.4,7.18
2007,Pulses,Mountain,5.58,81,35,49,1162,28.2,33,2655,1088,499,2.26,5.15
2006,Cotton,Black,7.44,87,39,68,824,20.7,63,2678,1121,221,0.55,5.25
2016,Sugarcane,Desert,7.41,154,65,31,1187,26.2,34,2722,1458,456,2.78,2.06
2010,Rice,Laterite,6.52,204,86,109,507,20.6,62,1811,604,311,2.96,4.91
2006,Cotton,Mountain,5.72,117,84,63,448,22.0,86,3086,1480,243,3.87,8.0
2005,Millet,Desert,6.73,106,77,52,737,33.5,34,2248,876,198,1.19,9.28
2016,Soybean,Red,6.43,99,72,32,2021,19.1,67,3015,788,424,0.27,5.01
2016,Barley,Red,7.53,219,20,97,657,32.5,63,2561,1820,425,2.27,5.1
2021,Sugarcane,Laterite,7.32,122,85,107,1540,15.6,87,2937,1794,84,2.89,7.47
2014,Rice,Mountain,6.59,110,48,117,2230,16.8,55,1825,765,418,3.2,9.51
2020,Wheat,Mountain,6.15,170,89,45,755,32.1,30,2307,903,78,0.94,3.77
2019,Cotton,Desert,8.46,140,27,40,1932,27.6,33,1861,1057,312,1.19,5.24
2019,Barley,Desert,6.86,188,48,47,928,29.9,68,2028,1484,270,2.15,8.27
2016,Sugarcane,Mountain,7.56,170,70,67,785,19.2,83,2406,784,102,1.46,6.68
2007,Millet,Desert,5.92,242,52,119,499,25.7,55,2858,431,470,3.47,2.44
2009,Pulses,Mountain,6.96,174,22,59,670,29.7,62,2690,1445,328,2.0,6.84
2011,Cotton,Black,5.58,222,79,85,1313,27.5,62,2560,251,402,3.24,3.09
2013,Millet,Mountain,7.02,223,54,92,2282,24.4,37,2394,2363,441,2.41,5.84
2011,Sugarcane,Red,8.39,92,88,106,1771,34.2,49,2848,737,125,3.14,6.0
2022,Cotton,Desert,6.65,192,95,98,547,28.5,45,2855,740,225,1.46,8.95
2008,Barley,Mountain,5.62,114,39,96,1087,33.2,50,2835,1242,59,3.36,5.43
2018,Sugarcane,Mountain,5.59,228,92,42,2378,29.6,74,3142,1014,166,1.24,3.88
2022,Groundnut,Desert,6.66,237,58,100,1821,29.7,84,1800,1615,329,2.28,3.46
2013,Rice,Black,5.98,127,23,67,1572,16.6,85,2959,1852,267,1.01,8.93
2006,Barley,Black,5.57,114,38,21,904,22.2,55,3019,618,224,2.01,2.95
2019,Cotton,Desert,7.77,165,64,103,1989,32.2,52,1932,1063,283,1.41,5.12
2011,Pulses,Alluvial,6.88,245,62,39,1717,19.7,47,1885,385,486,1.21,3.09
2016,Millet,Desert,6.37,238,32,78,2120,17.3,60,3147,460,301,3.87,8.07
2012,Wheat,Desert,8.2,231,32,65,801,21.5,81,3003,1751,344,0.81,5.53
2019,Millet,Black,5.85,193,79,22,848,19.4,71,2315,1496,371,3.19,4.48
2007,Cotton,Black,8.37,179,76,74,1665,33.5,41,1974,2407,55,3.94,4.57
2018,Millet,Desert,6.44,239,71,31,1138,32.4,30,2562,961,70,0.28,8.74
2021,Rice,Desert,8.17,178,72,59,1730,25.0,71,2844,423,122,2.86,6.21
2008,Sugarcane,Desert,7.31,82,62,85,1748,16.2,38,2796,1479,379,1.16,7.6
2022,Wheat,Black,7.98,164,91,119,1147,29.3,32,2928,379,85,0.35,9.12
2012,Maize,Desert,8.45,204,91,97,913,27.5,89,2377,2267,436,1.73,9.16
2008,Cotton,Desert,6.37,217,61,35,711,34.4,80,1848,1847,282,3.75,4.29
2006,Soybean,Laterite,8.38,162,45,102,977,26.2,55,2327,831,265,0.24,9.6
2010,Maize,Alluvial,6.67,104,42,53,458,21.7,38,1944,1736,255,2.43,1.71
2014,Millet,Red,6.66,147,62,63,2361,25.4,71,3163,2305,475,2.11,4.7
2008,Cotton,Alluvial,6.52,140,96,25,672,34.6,80,2561,2163,478,3.52,9.11
2022,Groundnut,Laterite,7.12,108,47,96,1396,28.9,45,3177,814,93,0.52,3.83
2016,Soybean,Red,5.96,206,28,83,902,28.4,53,2898,761,140,2.79,3.82
2006,Wheat,Desert,7.16,98,39,119,515,19.8,79,2728,821,466,2.78,4.07
2014,Pulses,Laterite,7.13,153,75,41,2296,29.9,43,2593,2335,365,2.74,6.7
2008,Groundnut,Desert,7.79,140,58,37,1864,30.0,32,2118,1213,142,3.78,5.23
2018,Maize,Black,8.0,232,70,31,2140,21.3,63,2910,2261,388,3.33,7.68
2020,Sugarcane,Mountain,6.82,99,31,71,2262,24.7,62,2497,2380,132,0.36,9.11
2019,Rice,Laterite,6.41,127,98,113,1026,20.9,79,2646,2160,382,1.99,7.23
2012,Pulses,Black,6.28,166,74,70,1544,20.2,53,2582,1257,331,1.71,3.24
2018,Groundnut,Laterite,6.08,231,97,90,1365,15.5,38,1841,791,70,1.38,9.43
2012,Sugarcane,Laterite,5.67,218,30,115,975,20.7,42,2916,782,277,1.92,3.75
2020,Sugarcane,Black,6.53,189,45,67,582,26.1,31,2328,1813,425,1.66,2.77
2017,Cotton,Red,6.31,107,61,38,1381,15.0,36,3088,1301,179,1.84,2.26
2022,Groundnut,Alluvial,8.4,138,46,25,2208,20.7,77,2091,488,224,3.92,6.29
2019,Wheat,Desert,7.17,212,30,103,1452,32.6,50,2768,1768,157,0.54,2.47
2017,Millet,Laterite,6.54,130,57,46,1247,26.9,48,1896,1643,463,3.7,2.68
2013,Soybean,Desert,7.24,228,62,72,964,27.2,54,2918,206,332,2.02,4.05
2019,Soybean,Mountain,5.92,91,38,67,2017,23.1,76,3149,1383,120,2.57,3.89
2017,Maize,Black,6.83,129,83,26,1448,28.5,51,1873,439,453,3.35,6.64
2005,Maize,Desert,7.38,211,25,78,366,18.8,40,3159,2186,99,1.57,8.44
2011,Soybean,Black,6.97,192,65,88,2353,31.4,62,2891,1646,144,1.84,7.97
2013,Wheat,Desert,6.71,249,61,30,936,17.3,61,2557,1949,328,1.76,3.73
2005,Rice,Alluvial,8.48,245,84,34,613,28.1,50,2900,2317,446,1.62,3.59
2016,Barley,Alluvial,8.14,232,91,83,864,21.8,68,2007,2103,386,3.72,9.71
2012,Millet,Alluvial,7.37,93,78,22,1901,30.0,49,3044,2463,181,3.35,1.57
2015,Rice,Alluvial,7.21,111,71,88,1125,26.0,37,3085,1277,447,0.61,8.98
2021,Cotton,Alluvial,7.36,218,66,42,1405,24.0,71,2209,1047,325,0.61,3.2
2012,Barley,Alluvial,6.1,225,26,72,1325,18.4,66,2130,1511,429,1.83,9.55
2007,Barley,Black,6.69,234,30,56,961,27.7,38,2143,2292,62,0.57,4.41
2007,Groundnut,Laterite,5.62,134,80,28,1104,34.5,54,2788,2445,52,2.55,5.24
2005,Wheat,Desert,6.93,199,87,34,835,31.5,54,2570,1439,273,0.75,7.51
2009,Wheat,Alluvial,7.13,154,44,22,1691,16.2,62,1873,1704,224,2.19,6.5
2014,Barley,Black,6.18,100,31,112,1535,22.5,31,2053,1532,436,0.23,4.2
2011,Groundnut,Black,8.39,212,45,89,2220,33.5,48,2758,895,434,1.4,6.21
2013,Millet,Black,8.23,166,31,36,2464,25.1,75,2619,226,139,2.77,7.71
2011,Barley,Laterite,7.67,248,62,45,927,28.2,49,2785,1159,457,2.04,1.86
2013,Pulses,Desert,7.1,138,70,40,1048,33.3,71,2131,1726,290,3.92,1.6
2012,Maize,Laterite,8.11,168,56,91,404,32.5,70,3168,2068,84,3.52,5.39
2016,Maize,Red,5.89,229,65,40,345,25.0,71,2546,572,63,1.56,2.62
2006,Rice,Black,7.87,162,72,30,1654,23.8,58,2635,2149,244,0.37,7.15
2005,Cotton,Red,5.87,144,99,57,1539,21.8,35,2254,444,446,3.41,3.32
2020,Maize,Mountain,7.88,143,32,91,1281,29.4,46,2938,2040,480,3.66,5.18
2009,Sugarcane,Alluvial,6.33,150,73,107,1259,20.7,89,2112,1876,355,3.32,3.18
2007,Rice,Alluvial,8.13,83,76,54,1815,20.0,54,2817,324,383,0.69,6.16
2016,Maize,Laterite,8.33,222,23,33,2136,22.1,67,2027,736,262,3.99,2.49
2012,Cotton,Desert,5.95,183,94,33,1781,18.5,33,2633,2119,459,1.18,1.7
2007,Wheat,Red,6.89,229,68,29,1859,28.9,59,2657,1835,52,2.95,1.93
2005,Wheat,Desert,8.44,172,26,31,1807,27.3,49,3068,1625,228,3.65,9.61
2007,Millet,Laterite,6.95,221,30,57,2363,24.7,32,2617,1740,89,1.1,2.71
2009,Barley,Alluvial,8.09,227,73,53,2300,22.8,52,2817,730,213,3.65,7.52
2019,Pulses,Desert,7.27,191,64,60,2273,33.2,80,2327,453,356,1.38,2.08
2018,Wheat,Desert,6.63,240,42,29,1211,15.6,47,2749,2368,284,3.91,2.42
2007,Groundnut,Alluvial,6.36,198,47,36,1594,30.4,55,2226,860,306,1.27,5.83
2005,Maize,Red,6.11,138,76,36,2102,33.0,85,1841,2001,409,3.82,5.45
2009,Groundnut,Alluvial,7.79,122,45,86,2053,23.9,65,2264,1260,466,0.4,9.59
2018,Cotton,Desert,6.66,91,44,81,414,26.0,37,2077,1565,440,2.9,9.53
2011,Wheat,Red,7.03,119,73,114,1903,33.9,46,2635,1236,422,2.22,8.13
2013,Pulses,Red,6.98,197,48,20,1622,19.2,60,1818,1406,165,2.02,6.62
2019,Cotton,Alluvial,7.23,99,55,31,2160,25.4,66,1865,2335,101,1.05,5.37
2019,Sugarcane,Desert,8.1,245,33,23,1398,24.5,74,1966,2293,425,2.88,4.53
2014,Sugarcane,Laterite,8.44,210,97,61,1277,20.2,86,2819,1342,444,0.93,9.55
2017,Groundnut,Desert,6.72,235,54,32,1805,31.4,62,2202,1754,460,2.3,6.62
2011,Barley,Black,7.98,169,49,117,1426,33.0,56,2208,1955,191,1.16,6.42
2021,Rice,Mountain,7.79,173,36,104,596,30.6,74,1911,2165,135,3.83,3.47
2008,Barley,Laterite,7.22,92,86,105,1362,18.9,33,3097,944,95,0.31,1.9
2009,Millet,Red,8.37,145,99,23,558,16.7,51,3196,1829,381,0.96,9.53
2011,Barley,Laterite,6.1,116,49,101,2354,27.1,55,2396,1166,287,1.12,4.17
2017,Millet,Red,5.83,145,64,88,2396,16.1,61,2450,962,59,1.77,5.26
2019,Millet,Red,8.06,115,98,38,2192,28.5,53,2862,993,201,1.08,2.47
2015,Pulses,Laterite,6.82,105,70,21,475,25.6,75,1904,943,110,2.07,8.61
2008,Wheat,Red,8.04,154,66,31,1300,28.3,64,2123,1269,67,3.52,1.73
2017,Pulses,Red,8.18,187,72,100,2218,26.8,66,2791,1731,135,2.91,8.59
2011,Millet,Black,5.69,247,83,93,1967,23.5,61,2228,757,186,2.4,2.69
2006,Cotton,Desert,8.15,122,57,117,575,19.0,36,2434,2194,450,0.54,9.04
2014,Sugarcane,Desert,6.84,229,83,25,975,21.1,62,2529,725,279,2.84,7.7
2017,Millet,Mountain,7.03,227,26,27,2123,25.5,60,2688,1039,177,0.83,2.9
2010,Pulses,Mountain,7.38,87,41,70,1351,28.0,84,2884,202,153,3.19,6.31
2016,Cotton,Black,8.28,108,60,30,1656,30.6,41,3130,1251,235,1.15,4.16
2016,Pulses,Mountain,5.56,119,93,82,2403,30.3,40,3177,1604,446,1.78,3.01
2015,Barley,Laterite,6.93,237,29,76,846,34.5,53,2192,356,227,1.53,8.8
2011,Maize,Alluvial,7.56,207,76,31,1435,20.7,37,2003,2137,406,3.46,4.93
2005,Groundnut,Alluvial,7.67,163,26,92,2383,16.4,61,2057,2154,55,0.68,4.89
2005,Rice,Alluvial,7.58,195,69,21,2340,21.9,86,2285,710,390,2.35,2.94
2017,Pulses,Black,5.9,223,71,27,738,29.9,67,2245,886,356,0.74,4.76
2013,Rice,Black,6.4,141,52,30,2052,23.8,89,3003,1337,85,2.88,8.91
2007,Soybean,Red,6.58,86,20,72,1915,31.4,51,2823,1612,376,3.64,4.59
2011,Pulses,Alluvial,7.91,124,72,119,2149,26.0,63,2141,1710,405,1.85,9.59
2010,Maize,Laterite,6.34,234,79,29,1900,33.6,48,1932,770,330,2.05,9.54
2012,Rice,Mountain,6.13,167,53,104,1963,34.0,81,2242,914,444,3.72,2.73
2013,Millet,Laterite,8.37,152,23,103,606,16.4,49,2052,1538,349,2.18,3.01
2009,Pulses,Mountain,5.53,242,36,27,918,24.1,85,2064,2486,63,2.05,8.83
2005,Wheat,Alluvial,8.49,116,23,55,1432,27.2,43,1892,1190,286,2.4,4.84
2014,Groundnut,Alluvial,7.53,198,62,112,1695,20.1,62,1937,533,334,2.82,1.54
2016,Maize,Alluvial,7.99,136,23,95,1679,23.1,39,3031,2360,379,0.61,3.83
2019,Rice,Black,6.38,87,20,33,1999,28.6,45,2801,1844,99,3.32,6.58
2013,Maize,Mountain,5.54,174,90,73,2415,19.5,33,2106,561,310,1.85,8.29
2021,Cotton,Black,7.71,196,69,104,480,27.0,56,2065,2080,159,0.47,2.63
2021,Groundnut,Black,8.0,189,92,105,1787,28.9,57,2445,2344,246,3.19,2.44
2016,Millet,Desert,7.72,99,80,40,1213,16.8,72,2117,2181,427,1.63,9.34
2011,Pulses,Laterite,5.93,203,54,69,1857,25.0,45,2936,2263,301,0.58,7.88
2006,Pulses,Laterite,7.76,132,27,113,2413,20.3,88,2700,2177,137,2.61,6.51
2007,Pulses,Red,7.81,198,43,58,1344,29.5,81,2253,575,362,3.54,8.04
2021,Groundnut,Black,7.48,91,55,39,1935,18.8,62,1990,941,75,3.57,5.15
2009,Wheat,Mountain,7.8,96,69,107,1938,32.8,77,3010,589,311,3.84,7.95
2021,Soybean,Desert,8.04,143,62,106,1882,23.6,48,2630,1440,193,3.5,4.66
2021,Sugarcane,Desert,7.34,121,46,26,2386,19.0,50,3190,1023,109,0.21,3.57
2021,Barley,Laterite,5.77,173,51,28,1608,23.8,51,2912,2443,405,1.64,7.7
2006,Rice,Black,6.96,236,97,20,1121,23.2,38,1986,617,317,3.31,5.07
2006,Wheat,Red,5.73,226,37,45,901,23.6,38,2618,806,124,1.59,9.84
2009,Millet,Black,6.72,90,47,57,1920,26.7,38,2820,767,52,2.49,4.47
2005,Rice,Alluvial,6.72,177,48,57,1084,25.4,56,1931,743,112,2.5,9.33
2005,Pulses,Black,5.7,150,35,80,1511,18.0,46,2671,2478,285,1.59,9.43
2006,Maize,Alluvial,6.55,187,66,63,970,16.3,73,2434,1083,497,3.64,3.56
2016,Millet,Alluvial,5.83,137,78,105,1566,29.6,86,3199,902,495,2.11,8.28
2010,Rice,Red,7.92,113,50,63,1396,26.2,74,2490,1423,278,1.97,5.18
2008,Pulses,Mountain,8.34,99,23,93,2297,22.2,37,2491,1822,439,3.99,9.3
2015,Rice,Laterite,5.72,129,56,81,400,31.2,45,2922,2268,324,2.08,5.33
2021,Maize,Black,8.37,181,36,25,2079,22.8,47,2857,1986,67,0.88,7.83
2010,Pulses,Alluvial,7.07,217,58,36,475,30.9,88,2381,1819,129,2.15,5.47
2009,Soybean,Black,6.4,239,67,70,537,21.1,62,1970,1657,264,3.29,3.44
2006,Wheat,Mountain,5.73,131,65,57,1422,16.5,30,3189,1783,220,3.15,3.19
2010,Cotton,Laterite,7.0,94,67,43,2277,33.7,41,2583,2114,378,3.2,5.12
2015,Barley,Mountain,7.88,163,58,70,2303,22.9,35,2882,277,304,2.89,7.92
2020,Groundnut,Laterite,7.62,210,23,29,1837,30.9,70,1980,1508,436,1.17,6.64
2020,Barley,Desert,5.65,116,49,91,1054,20.6,84,1818,847,175,3.48,7.35
2005,Millet,Laterite,5.72,205,49,40,1446,27.9,34,3049,2387,304,3.6,3.9
2013,Barley,Red,6.71,119,41,89,1711,32.5,88,2918,752,121,0.94,5.59
2010,Pulses,Mountain,6.39,151,94,104,439,15.8,45,2680,1197,87,0.7,1.88
2020,Soybean,Alluvial,6.2,119,85,76,840,31.6,47,3120,481,373,3.91,8.45
2007,Cotton,Desert,6.34,135,31,58,1714,26.4,78,1974,1481,253,3.5,9.91
2008,Wheat,Red,7.91,230,55,107,569,27.1,47,3045,2046,221,3.59,4.96
2007,Wheat,Black,8.29,183,37,52,1335,25.5,30,1853,1583,272,3.57,1.59
2011,Maize,Mountain,6.72,218,72,78,2190,32.5,48,2494,1357,266,2.26,2.94
2013,Groundnut,Alluvial,8.22,189,90,37,805,15.9,83,2662,303,294,2.66,7.05
2005,Rice,Laterite,6.46,215,20,75,1429,20.2,37,3141,965,385,2.27,6.7
2012,Soybean,Alluvial,6.93,172,77,111,2379,32.5,32,2148,2342,240,0.39,8.2
2011,Rice,Black,6.18,173,25,76,2172,30.0,87,2242,1796,347,3.03,3.66
2022,Cotton,Desert,7.42,135,89,115,1392,15.4,54,2632,679,369,2.12,7.99
2012,Barley,Desert,8.44,139,63,95,1112,25.3,87,2379,2260,231,2.66,7.35
2005,Wheat,Mountain,7.31,217,91,67,661,25.6,34,2081,2163,383,2.11,4.24
2015,Cotton,Desert,6.57,118,43,61,1756,23.0,84,2159,2342,432,2.07,6.14
2022,Barley,Mountain,7.44,107,38,46,1228,20.9,69,2714,2272,254,0.85,2.75
2014,Wheat,Mountain,5.87,128,37,93,399,28.6,48,2622,1495,410,1.26,5.35
2007,Barley,Mountain,8.17,243,49,71,1981,19.2,47,2691,1728,248,0.8,8.99
2011,Groundnut,Laterite,7.01,204,61,61,2356,31.0,79,2752,1389,381,0.94,5.08
2020,Soybean,Red,6.85,92,52,51,1352,31.1,82,2440,1138,214,3.9,8.64
2020,Millet,Mountain,7.26,115,93,45,1220,23.3,60,2831,961,291,0.78,6.52
2021,Cotton,Mountain,7.37,180,31,44,931,20.7,62,2362,853,437,1.22,3.13
2006,Cotton,Red,5.72,105,46,94,981,20.7,76,2290,1869,179,2.44,6.44
2005,Sugarcane,Alluvial,7.55,165,58,42,2429,24.6,47,2140,2131,276,2.52,5.8
2020,Pulses,Mountain,6.23,83,28,117,1053,29.4,86,2271,1326,171,0.79,4.89
2016,Groundnut,Laterite,7.64,161,40,76,1764,22.2,68,2048,2125,93,3.22,2.52
2009,Groundnut,Desert,7.97,245,95,71,1019,27.2,45,2034,774,245,3.18,5.04
2009,Rice,Desert,7.91,206,48,106,374,22.6,45,2906,1529,407,1.1,2.12
2013,Barley,Black,7.16,167,52,112,1593,21.1,76,2916,1477,253,1.3,2.34
2013,Pulses,Black,7.06,206,81,50,2222,15.5,67,2623,1403,367,3.76,5.04
2007,Soybean,Desert,5.93,199,34,83,361,15.1,70,3091,239,306,3.34,4.1
2020,Soybean,Desert,7.83,101,21,90,1173,19.5,36,2431,719,66,2.85,9.37
2020,Groundnut,Laterite,6.31,209,71,52,619,23.1,43,2328,1839,321,0.51,4.69
2007,Soybean,Red,6.99,110,63,104,2449,32.0,72,3076,2483,58,1.79,7.94
2005,Sugarcane,Black,6.35,198,73,21,1752,31.0,82,1921,662,298,2.33,6.01
2015,Cotton,Red,5.9,90,37,37,1173,20.3,77,2691,1451,486,0.91,7.48
2021,Maize,Laterite,7.39,125,22,66,2045,19.9,54,1809,2048,250,1.9,3.71
2012,Millet,Desert,5.66,175,26,52,1855,19.5,61,3139,682,108,2.48,9.51
2008,Rice,Mountain,7.75,89,62,117,411,21.8,67,2637,542,424,1.44,6.01
2010,Barley,Red,6.45,247,57,103,760,25.0,51,3096,1396,442,3.17,8.57
2012,Millet,Desert,5.5,207,56,54,1186,23.8,88,3129,1662,189,3.39,4.6
2007,Barley,Desert,7.03,231,77,70,1415,19.4,45,3033,1402,168,1.43,2.35
2020,Wheat,Alluvial,5.64,178,52,37,1375,17.6,81,2552,1821,90,3.39,7.23
2007,Millet,Red,6.33,191,78,107,819,15.3,58,2685,2380,448,0.59,1.57
2022,Maize,Mountain,7.62,139,30,91,1111,18.1,45,2263,2331,371,3.38,5.54
2018,Groundnut,Red,5.69,166,87,49,2224,29.1,41,2511,1192,380,0.78,3.14
2022,Sugarcane,Desert,8.02,224,87,63,1904,19.9,46,2527,1389,316,0.52,6.83
2006,Cotton,Mountain,5.51,144,41,72,1226,24.4,66,2516,1803,57,2.64,9.83
2007,Cotton,Laterite,6.24,136,85,29,856,26.8,56,3039,1393,232,1.99,5.45
2020,Sugarcane,Alluvial,7.72,185,63,106,1355,32.7,54,1879,797,183,3.65,8.45
2013,Pulses,Desert,6.45,88,25,71,878,32.8,42,2279,844,230,1.58,5.82
2008,Wheat,Black,5.81,101,61,68,841,29.9,37,2701,647,453,1.29,5.71
2005,Barley,Black,6.58,220,44,30,2461,15.7,85,2690,963,472,2.1,9.41
2008,Maize,Alluvial,6.31,168,76,85,1352,26.5,34,1817,934,404,1.93,9.06
2005,Soybean,Laterite,8.03,97,74,77,773,30.7,41,2988,1842,121,1.51,8.18
2018,Millet,Desert,6.44,194,35,109,1204,15.3,70,2001,2497,162,2.84,4.02
2020,Wheat,Red,7.87,247,33,55,2245,26.0,32,2540,800,156,3.09,6.13
2012,Millet,Alluvial,8.18,224,58,52,685,32.2,64,3169,2372,339,3.44,3.4
2011,Maize,Laterite,6.8,222,47,66,361,24.5,62,3189,2360,362,3.9,5.27
2007,Rice,Red,8.23,185,70,32,814,15.1,86,2118,1180,166,1.21,5.62
2021,Rice,Black,6.63,94,68,59,729,15.2,51,2016,1982,169,2.92,8.57
2005,Wheat,Black,8.39,142,28,108,879,23.3,79,2857,2397,196,1.7,9.12
2020,Groundnut,Red,5.77,246,77,87,1860,18.1,85,2065,779,376,2.77,5.02
2016,Maize,Alluvial,7.56,92,64,61,1464,28.3,73,2523,982,464,2.01,1.65
2018,Maize,Black,6.98,160,41,38,1623,29.2,38,2574,731,259,3.98,8.83
2010,Sugarcane,Desert,6.66,111,51,101,770,18.6,70,2903,1712,345,2.97,2.98
2010,Groundnut,Mountain,7.4,216,88,113,1716,32.8,47,2212,811,447,3.82,6.79
2017,Barley,Red,7.61,119,88,38,1965,23.8,79,3075,2499,152,3.37,1.71
2012,Barley,Red,5.51,227,61,77,1768,17.9,58,2835,2205,173,3.63,4.9
2006,Soybean,Black,6.0,161,72,42,1108,30.3,68,2200,1300,294,3.29,9.88
2005,Cotton,Alluvial,7.64,156,78,73,471,30.8,56,2523,1870,428,1.94,2.36
2019,Rice,Desert,7.5,155,93,99,330,27.8,65,2081,1615,405,1.16,5.1
2005,Barley,Alluvial,8.4,117,58,84,346,32.1,74,2935,1635,258,1.61,4.11
2009,Groundnut,Laterite,7.78,150,34,31,429,29.7,46,2522,2420,470,0.28,9.19
2020,Maize,Laterite,8.35,127,90,43,1277,32.6,85,2550,1074,477,2.19,8.89
2008,Barley,Mountain,7.61,97,48,53,1945,23.7,63,2067,2448,442,2.12,3.52
2007,Maize,Black,6.39,223,22,72,1904,30.0,75,2097,416,363,2.2,2.19
2021,Barley,Black,5.82,118,29,27,357,35.0,32,3140,575,453,3.9,6.83
2021,Rice,Black,7.85,168,48,37,1429,29.5,34,2369,1809,158,3.66,4.36
2016,Millet,Mountain,7.43,141,98,76,1653,17.3,43,2308,210,426,0.81,7.21
2018,Barley,Laterite,5.64,220,54,24,1067,25.4,32,2345,1813,397,1.6,1.77
2010,Groundnut,Alluvial,6.58,188,25,45,982,26.7,52,2574,1017,99,1.81,2.63
2007,Barley,Mountain,8.37,160,31,49,2308,18.5,68,2164,1496,453,1.57,7.33
2013,Cotton,Mountain,7.0,213,57,73,2090,34.3,59,2346,890,154,3.23,3.31
2009,Rice,Alluvial,6.8,156,96,32,1777,18.5,79,2070,1799,469,2.19,8.79
2021,Groundnut,Black,6.87,169,38,102,1185,18.6,74,2538,1732,422,2.37,2.0
2018,Sugarcane,Desert,6.13,93,86,48,696,33.3,52,2336,1355,76,3.44,3.33
2007,Groundnut,Alluvial,6.61,174,27,22,1838,24.3,56,3057,2147,337,3.26,9.99
2005,Cotton,Laterite,6.61,133,27,109,2373,16.3,83,1858,983,306,0.7,5.18
2005,Millet,Red,5.66,211,66,77,612,27.0,39,3074,2172,322,2.91,7.48
2007,Rice,Red,7.8,118,23,95,2473,27.0,54,1885,2076,186,1.85,3.05
2022,Sugarcane,Mountain,6.75,151,70,21,1888,16.3,42,2562,984,389,1.32,6.68
2014,Cotton,Red,7.97,104,86,94,1521,34.5,45,2189,596,350,0.39,7.67
2007,Cotton,Desert,8.05,156,64,47,1110,25.9,70,3003,1281,371,2.05,4.17
2012,Wheat,Black,6.14,239,27,101,2332,26.2,63,2518,1703,81,1.55,8.55
2018,Rice,Laterite,7.47,245,35,96,1807,25.4,84,2655,2233,94,1.16,6.63
2022,Groundnut,Desert,6.92,199,96,105,749,27.2,66,1948,1814,314,2.84,4.81
2019,Maize,Laterite,8.14,132,86,95,2194,20.3,51,2382,659,79,3.12,6.24
2006,Millet,Laterite,6.15,235,28,21,1677,20.7,46,1920,2308,133,1.13,6.4
2014,Maize,Black,7.53,210,79,26,896,25.2,52,2564,745,215,0.39,2.91
2006,Groundnut,Mountain,7.32,229,97,45,2447,31.1,83,2404,696,365,3.43,4.92
2021,Groundnut,Red,6.39,175,96,109,915,16.0,65,2055,704,50,0.24,4.42
2012,Rice,Black,5.91,245,90,107,1247,27.1,78,2565,1292,298,3.76,4.91
2005,Groundnut,Desert,7.45,151,34,95,1881,31.1,38,2663,2408,310,2.58,7.97
2013,Wheat,Mountain,7.72,141,90,35,855,18.1,81,2599,1837,112,1.42,5.6
2015,Sugarcane,Desert,6.45,85,60,42,577,15.3,31,3132,917,213,1.14,9.49
2020,Groundnut,Mountain,7.43,111,41,59,2313,21.3,61,1858,1792,370,0.23,4.0
2011,Maize,Desert,6.69,178,43,79,790,26.8,85,2821,1608,383,1.09,5.03
2014,Groundnut,Black,7.64,217,63,92,554,17.8,79,2892,468,250,0.72,8.19
2007,Wheat,Mountain,6.1,210,20,51,1191,23.5,82,2187,2146,271,2.53,6.14
2022,Barley,Mountain,8.17,155,29,34,841,26.0,88,2909,1677,201,0.83,6.15
2017,Barley,Laterite,6.36,138,99,32,1587,27.0,51,2585,1741,181,2.21,1.95
2011,Cotton,Laterite,6.6,110,91,24,1933,20.5,72,3050,1064,163,2.44,4.89
2008,Millet,Alluvial,5.67,172,75,94,1124,23.0,42,2392,309,266,1.33,3.8
2017,Soybean,Desert,5.83,148,69,93,1652,30.6,37,3007,849,245,0.33,9.99
2005,Sugarcane,Laterite,7.05,131,31,71,580,33.8,88,3145,2298,330,0.34,4.12
2012,Pulses,Alluvial,6.3,168,79,96,1598,32.2,30,2708,1699,251,0.3,9.02
2018,Cotton,Laterite,8.01,206,45,60,1072,26.3,46,3141,1310,184,3.01,7.25
2020,Millet,Desert,5.54,248,97,72,627,23.2,41,2365,795,283,1.41,4.4
2018,Barley,Mountain,6.64,110,60,69,1222,21.7,33,2198,1178,190,3.23,6.12
2016,Maize,Red,6.51,163,55,34,851,17.5,82,2698,930,245,1.84,8.64
2019,Pulses,Desert,5.56,206,42,26,2373,17.1,42,3116,256,92,1.92,9.01
2006,Millet,Black,5.87,229,62,59,2374,28.8,60,2092,2443,106,2.15,2.86
2006,Millet,Laterite,6.74,211,25,47,1001,20.2,70,2284,1983,469,2.91,4.39
2021,Cotton,Laterite,6.98,92,88,51,2219,20.1,88,2602,1901,191,1.24,4.35
2014,Pulses,Mountain,6.71,124,62,118,466,35.0,36,2689,1486,259,0.66,1.86
2010,Rice,Black,7.09,206,44,34,468,18.8,52,2043,311,121,2.31,6.59
2019,Soybean,Mountain,7.29,249,37,119,528,18.0,53,2759,910,273,1.44,8.77
2015,Rice,Black,5.53,193,81,104,2302,17.0,34,2977,1401,76,1.88,4.74
2009,Pulses,Red,6.89,99,32,89,666,26.6,34,2615,1147,177,2.66,7.79
2005,Rice,Laterite,8.39,160,62,84,827,27.6,46,2072,225,155,2.08,6.84
2012,Wheat,Laterite,7.06,243,97,23,1090,22.3,59,2319,957,214,2.56,4.69
2016,Barley,Red,7.53,208,47,30,823,25.7,38,2951,2000,264,2.27,2.7
2016,Wheat,Alluvial,6.44,222,37,45,1395,30.8,35,3196,1755,120,3.01,7.53
2009,Groundnut,Mountain,7.82,96,78,80,1968,31.4,54,2367,2041,253,2.88,8.76
2011,Rice,Red,7.82,231,79,56,2453,34.2,48,2437,2493,202,2.23,7.33
2008,Groundnut,Mountain,7.06,137,82,42,2208,31.5,45,1958,1304,116,2.78,1.65
2010,Maize,Desert,8.43,151,76,112,1605,26.3,50,2451,861,139,3.52,3.34
2017,Sugarcane,Laterite,5.88,188,70,104,432,18.6,31,1975,1108,309,1.84,2.09
2019,Maize,Mountain,5.55,102,75,110,1942,17.0,39,2419,721,411,1.77,6.35
2007,Pulses,Black,7.81,151,46,59,2188,16.1,45,2010,2056,277,3.1,7.93
2012,Millet,Mountain,7.92,87,51,96,2070,28.3,66,2246,1959,128,2.41,2.44
2020,Barley,Desert,5.86,138,28,42,317,31.2,44,2385,989,145,0.47,8.63
2017,Rice,Laterite,6.3,190,87,35,2077,25.2,42,1966,1497,398,3.59,6.22
2022,Cotton,Red,5.55,92,65,113,416,16.1,42,2259,1929,379,0.32,7.36
2014,Sugarcane,Desert,6.38,246,86,80,1097,25.7,61,2715,371,431,3.04,9.76
2021,Soybean,Laterite,7.82,235,45,87,2011,33.7,74,3180,464,295,3.08,2.21
2009,Soybean,Mountain,7.05,95,27,99,1052,27.0,76,3127,2186,321,3.82,9.16
2013,Soybean,Alluvial,6.54,198,25,50,1692,31.2,75,3056,1249,452,0.41,2.57
2016,Rice,Alluvial,6.62,81,99,72,2397,31.0,37,3150,1692,206,2.47,4.84
2005,Soybean,Black,5.5,224,43,44,977,33.6,72,3005,2085,165,1.83,8.74
2005,Wheat,Laterite,6.4,109,67,63,405,30.4,47,3157,675,484,1.46,9.2
2019,Sugarcane,Alluvial,7.44,182,64,31,957,30.0,85,2852,1249,67,0.54,5.8
2006,Wheat,Red,8.42,92,32,109,2246,19.7,65,2513,233,491,2.34,6.55
2020,Millet,Laterite,8.04,175,88,116,1748,16.2,55,2916,1361,221,2.02,7.52
2012,Sugarcane,Red,5.57,173,44,111,1395,25.4,39,2640,1015,65,0.6,8.58
2017,Wheat,Red,8.2,161,39,28,1287,17.5,60,2667,953,498,2.53,2.53
2005,Sugarcane,Alluvial,7.85,92,85,31,2108,34.2,62,2487,765,289,3.0,8.39
2020,Millet,Laterite,7.84,173,93,88,2082,20.8,58,2129,661,435,3.12,5.59
2011,Groundnut,Mountain,6.87,228,64,73,745,32.1,34,3007,1854,105,3.64,5.33
2009,Rice,Desert,6.69,191,66,73,2248,22.8,42,1894,280,128,1.76,5.1
2007,Rice,Alluvial,6.41,134,82,47,2417,21.5,30,2584,2137,152,3.82,5.83
2016,Soybean,Alluvial,5.7,160,95,75,2297,33.7,52,2448,1069,333,3.49,9.53
2020,Maize,Mountain,6.18,247,96,118,2497,22.3,69,2152,1630,242,1.33,6.16
2009,Soybean,Laterite,6.24,195,74,88,1073,22.8,32,2729,1269,54,0.81,9.6
2018,Pulses,Laterite,6.95,222,94,117,1861,17.1,32,2740,798,155,1.85,3.03
2009,Wheat,Red,7.74,187,38,117,1975,28.4,36,2783,1834,327,1.73,7.66
2019,Sugarcane,Mountain,6.92,132,54,96,1422,20.8,65,3088,1006,422,2.39,8.4
2021,Maize,Mountain,5.67,207,72,77,1601,26.7,64,2842,2134,149,2.42,7.27
2018,Millet,Laterite,8.37,237,45,97,1886,26.8,44,2445,1276,287,3.05,6.66
2009,Pulses,Red,8.33,240,33,94,1986,29.4,69,2425,903,318,2.14,6.3
2016,Millet,Alluvial,7.86,136,64,61,1243,29.9,32,1938,2263,370,0.6,8.82
2020,Rice,Black,8.47,131,63,57,754,25.3,58,2515,686,449,3.46,8.48
2020,Rice,Desert,7.13,216,84,87,1427,21.6,59,2561,905,135,1.38,2.54
2011,Soybean,Alluvial,8.39,190,70,72,1245,31.7,68,2054,1725,369,3.89,8.71
2008,Wheat,Laterite,5.73,80,62,52,900,21.2,47,2908,1364,81,0.65,5.02
2005,Maize,Desert,6.6,123,42,90,1024,25.2,40,2475,819,385,3.84,3.66
2009,Barley,Black,6.18,154,75,75,1717,23.0,72,1891,976,100,0.55,8.89
2014,Pulses,Black,6.09,177,38,91,1824,32.1,78,2892,646,128,1.08,5.17
2009,Pulses,Red,5.92,88,95,70,550,23.6,89,1836,408,235,0.38,8.37
2008,Soybean,Desert,7.37,111,74,93,1844,22.7,67,1939,1698,223,2.88,3.74
2006,Rice,Red,7.84,94,79,62,378,28.8,69,2666,1650,485,3.43,1.53
2014,Soybean,Alluvial,7.23,219,78,34,1197,27.0,30,2479,2077,155,1.85,5.71
2005,Sugarcane,Mountain,5.94,215,52,57,1080,17.1,58,3001,1491,112,3.73,2.35
2009,Maize,Mountain,7.93,151,38,34,525,25.2,39,1936,2398,125,2.44,7.91
2017,Wheat,Mountain,7.41,234,47,24,1374,29.7,57,1989,1942,365,2.59,3.85
2008,Groundnut,Desert,6.66,91,71,112,1509,34.8,86,2141,1478,370,3.41,5.27
2020,Cotton,Mountain,7.52,144,68,102,1357,27.6,60,2828,1600,422,1.33,2.24
2020,Cotton,Alluvial,6.28,186,56,73,1102,22.4,48,2771,1876,130,1.55,3.94
2006,Soybean,Red,6.54,121,45,70,1041,19.5,32,3080,1054,410,3.64,8.14
2021,Sugarcane,Desert,8.25,194,59,29,2478,32.5,65,2461,1581,177,3.62,2.79
2016,Maize,Red,6.37,218,99,31,1003,31.3,72,2042,904,232,3.91,7.0
2022,Barley,Desert,6.91,182,57,23,1726,19.7,44,2214,1025,292,3.63,9.3
2007,Cotton,Red,8.17,174,96,114,914,19.0,62,2506,1204,234,0.68,7.28
2005,Maize,Black,7.62,96,73,37,628,29.3,70,2142,576,269,3.33,8.39
2005,Wheat,Red,5.69,239,41,99,1695,21.3,72,2481,1172,120,1.76,2.43
2015,Millet,Mountain,5.94,164,35,55,1783,21.1,80,2452,317,391,3.97,3.63
2009,Sugarcane,Black,5.52,247,47,44,432,18.0,74,1945,643,203,1.99,9.1
2016,Rice,Red,7.39,230,54,106,1134,20.3,55,2122,954,294,2.3,7.58
2007,Maize,Desert,6.84,135,79,95,420,23.6,45,1921,839,189,2.21,6.94
2005,Wheat,Desert,5.9,213,64,117,1775,29.7,65,3075,2371,120,1.42,7.14
2005,Barley,Desert,8.37,165,65,55,1264,21.7,62,2110,1500,95,0.49,5.02
2012,Groundnut,Laterite,7.09,181,91,86,428,21.6,49,2400,822,96,3.6,1.88
2014,Rice,Alluvial,6.23,244,74,28,1898,20.7,42,2274,1692,128,3.25,8.17
2015,Groundnut,Desert,7.0,133,45,80,2376,24.6,62,2369,2208,471,0.73,7.27
2016,Barley,Black,7.54,194,44,72,1847,18.6,34,2374,1851,198,3.15,5.52
2017,Wheat,Desert,5.73,218,84,37,632,24.7,66,2146,1923,447,2.58,9.15
2016,Cotton,Laterite,6.32,167,25,62,1453,29.1,43,2619,2119,179,1.75,4.36
2018,Groundnut,Mountain,7.92,128,42,54,1616,15.6,56,2181,1118,176,1.17,4.0
2006,Rice,Black,6.88,228,83,82,1496,15.2,52,3103,1373,414,3.47,8.92
2022,Soybean,Laterite,7.14,194,62,117,1729,16.5,43,1871,1385,168,2.86,8.27
2007,Pulses,Mountain,6.8,142,42,97,655,25.7,69,2320,319,406,2.28,5.88
2021,Maize,Black,5.63,183,49,23,438,32.1,33,3189,781,466,2.52,2.61
2012,Cotton,Red,6.0,162,96,112,1826,15.1,68,2732,2147,311,0.55,3.33
2014,Groundnut,Alluvial,6.84,182,37,60,1497,33.7,81,2917,2346,293,2.0,7.08
2006,Millet,Alluvial,6.13,235,98,64,328,17.1,48,3196,1390,431,0.94,4.77
2013,Maize,Laterite,5.65,96,40,69,1230,31.8,76,2138,1886,152,0.99,8.61
2011,Soybean,Mountain,8.03,85,76,98,1313,24.7,83,3159,2199,86,2.71,9.57
2008,Barley,Alluvial,8.44,226,42,47,1127,28.2,33,2463,600,191,3.66,8.35
2022,Pulses,Mountain,7.88,107,64,61,650,25.2,59,1839,1549,86,1.73,4.71
2017,Wheat,Mountain,8.06,117,63,99,2324,24.5,48,3182,1856,57,0.99,8.2
2015,Soybean,Laterite,6.23,198,66,95,598,31.7,60,2373,820,280,2.67,4.49
2008,Soybean,Laterite,8.38,116,59,88,2043,30.1,60,3077,446,382,3.51,2.92
2008,Barley,Laterite,6.09,194,70,117,2165,24.7,38,2765,1316,446,3.04,1.78
2014,Sugarcane,Alluvial,8.35,147,61,20,1515,17.2,82,2380,823,345,3.5,4.78
2009,Barley,Laterite,8.48,122,26,58,1995,17.3,42,1969,2039,156,2.24,9.18
2013,Sugarcane,Alluvial,7.64,243,69,115,2411,31.0,43,2500,2309,397,3.06,3.53
2007,Sugarcane,Laterite,8.44,137,67,109,1054,25.6,84,2310,499,491,0.73,3.26
2021,Cotton,Desert,7.21,92,25,36,1069,24.6,89,3083,602,67,1.52,9.74
2007,Cotton,Mountain,6.28,131,28,110,1538,28.6,75,2383,1871,362,1.68,1.71
2020,Rice,Laterite,6.81,137,76,107,1133,32.2,83,2783,452,132,2.14,8.18
2008,Groundnut,Black,7.28,111,50,54,2206,27.6,39,2258,1957,471,3.73,4.23
2022,Groundnut,Mountain,5.72,184,40,65,1864,30.3,77,2328,1592,337,3.52,1.82
2021,Wheat,Mountain,7.37,162,59,61,1518,30.3,60,2140,2164,243,0.71,9.3
2011,Groundnut,Laterite,8.44,178,64,58,805,22.1,66,1856,359,264,0.86,2.69
2009,Cotton,Red,6.07,183,96,109,1657,20.5,52,2017,404,330,1.56,6.19
2016,Rice,Laterite,7.88,107,68,68,1760,31.0,56,2418,1361,269,1.3,3.83
2021,Rice,Mountain,8.22,208,39,81,1716,22.5,35,2615,1591,491,2.54,2.05
2017,Sugarcane,Black,8.33,249,36,57,1472,33.1,55,2530,1057,338,3.63,1.92
2007,Barley,Mountain,8.38,127,47,42,1060,16.4,31,2263,959,393,3.86,2.48
2013,Wheat,Black,7.06,119,60,41,1132,16.2,74,2046,1790,243,2.68,2.11
2021,Sugarcane,Alluvial,8.43,176,85,23,1728,33.5,42,2529,2315,207,3.39,7.96
2021,Barley,Desert,7.77,193,44,68,582,28.0,80,2172,332,153,2.2,5.63
2020,Groundnut,Mountain,5.99,211,77,78,678,22.6,79,2216,1923,83,0.99,4.41
2017,Sugarcane,Laterite,6.93,245,60,92,497,30.1,89,2854,629,151,2.19,5.06
2021,Maize,Alluvial,7.65,234,25,87,855,28.4,48,2167,1397,176,2.31,9.4
2008,Groundnut,Desert,6.24,216,94,90,655,25.6,30,2358,296,263,3.02,9.24
2016,Barley,Laterite,7.42,190,57,106,1863,17.0,69,1907,1906,374,1.04,7.58
2013,Wheat,Red,7.5,223,25,21,1340,31.2,61,2383,1377,481,1.6,9.02
2016,Barley,Laterite,5.99,155,64,68,678,32.3,51,2638,1918,345,1.58,4.22
2013,Sugarcane,Black,7.2,110,94,107,979,18.4,77,2217,1465,228,3.85,4.74
2011,Sugarcane,Black,7.81,198,33,114,2079,32.0,58,2620,1527,129,1.89,6.72
2018,Soybean,Red,7.0,221,85,50,1198,32.6,31,3095,1508,190,3.07,6.8
2019,Wheat,Alluvial,5.54,104,59,59,375,26.0,69,2482,1250,80,3.05,5.59
2020,Millet,Desert,5.53,113,22,67,530,28.1,67,2939,1583,421,1.21,4.91
2009,Groundnut,Laterite,6.57,146,43,70,2039,22.6,77,2055,2449,472,2.37,9.88
2007,Rice,Black,8.28,231,38,62,1261,20.6,84,2904,780,112,3.6,8.48
2016,Wheat,Alluvial,6.19,197,37,117,2416,29.4,40,2579,732,97,2.01,5.2
2008,Rice,Red,7.4,152,83,74,692,32.2,46,2951,1375,136,3.79,7.68
2020,Wheat,Mountain,6.17,105,54,107,1408,28.1,84,2637,1325,353,1.01,3.79
2011,Wheat,Black,6.47,227,81,68,566,25.2,80,2714,1098,110,0.48,2.35
2017,Barley,Red,8.04,183,20,109,1392,18.2,72,2034,1669,445,3.59,4.5
2014,Wheat,Laterite,7.69,89,44,99,910,16.1,89,2352,1452,383,3.42,4.93
2011,Soybean,Desert,5.79,146,64,76,1670,23.9,37,1980,969,489,3.97,1.64
2018,Millet,Black,6.79,231,68,96,1308,16.0,51,1956,1033,323,2.78,8.43
2009,Sugarcane,Black,5.59,84,35,34,1261,26.4,33,2370,2104,460,3.76,4.55
2007,Pulses,Laterite,6.94,106,38,46,972,22.7,40,2656,2483,333,3.34,6.43
2015,Rice,Mountain,7.49,192,42,87,2000,30.1,37,2847,2409,129,3.41,2.13
2015,Sugarcane,Alluvial,5.86,94,44,99,2462,21.1,38,2747,753,229,2.36,2.99
2022,Pulses,Desert,6.37,242,35,83,330,26.9,55,2391,1291,321,1.65,9.06
2019,Millet,Black,6.69,184,73,113,1666,25.8,31,1933,1396,126,3.75,6.67
2016,Millet,Desert,8.26,123,92,49,1700,15.1,45,2220,1860,491,1.84,9.58
2013,Rice,Black,8.48,105,20,55,1453,16.4,60,2012,758,270,2.25,9.99
2014,Rice,Desert,5.63,241,61,86,916,20.8,35,2699,460,442,1.9,4.66
2016,Millet,Red,7.78,174,38,105,838,32.6,82,2281,2464,331,2.35,4.04
2021,Pulses,Black,6.62,163,53,105,1170,17.9,50,2147,2040,77,1.99,8.8
2010,Wheat,Desert,6.68,219,99,68,400,29.2,55,1965,1347,410,0.38,9.99
2011,Groundnut,Alluvial,7.76,211,74,95,1712,34.5,88,2736,1004,126,3.55,6.85
2018,Maize,Red,8.26,166,37,74,1240,30.8,48,2147,1385,213,1.89,8.26
2017,Sugarcane,Red,8.35,191,53,104,640,19.9,57,2648,2448,58,2.44,8.14
2012,Barley,Alluvial,7.23,208,64,75,1343,33.2,37,2197,474,224,0.73,4.52
2014,Sugarcane,Desert,6.57,168,25,87,337,16.9,43,2382,405,356,0.21,6.38
2013,Barley,Laterite,7.86,145,40,114,959,24.4,53,2525,1923,125,1.13,8.58
2022,Pulses,Alluvial,6.25,237,89,63,2333,32.8,77,3044,1066,294,2.88,7.35
2006,Barley,Desert,7.19,210,67,50,1860,27.8,73,2107,292,171,0.58,1.68
2009,Rice,Alluvial,6.58,201,58,77,1956,23.3,66,2790,1265,234,3.65,4.36
2009,Groundnut,Alluvial,7.47,228,50,106,1349,20.9,85,2597,1551,81,1.02,2.73
2010,Groundnut,Black,6.22,163,29,72,753,22.5,55,2518,2312,299,0.98,3.48
2012,Rice,Desert,6.07,195,49,103,2004,25.2,60,2265,564,106,0.89,9.2
2020,Soybean,Laterite,8.25,195,37,98,1646,21.4,85,1898,1020,359,0.25,1.81
2017,Pulses,Black,5.81,117,79,42,1118,34.4,80,3065,1707,421,3.13,3.37
2005,Soybean,Alluvial,7.02,222,92,47,1072,33.7,61,1957,2229,193,3.53,4.13
2021,Soybean,Mountain,6.16,189,34,35,312,32.4,79,2409,2124,367,2.53,6.74
2011,Sugarcane,Alluvial,5.62,125,23,56,1220,23.4,70,2353,1285,133,0.92,6.04
2017,Millet,Alluvial,5.61,104,82,40,1124,28.8,31,2450,1496,105,1.28,3.36
2008,Sugarcane,Desert,6.03,100,59,98,1614,33.1,54,2719,2476,328,2.01,2.9
2008,Millet,Desert,8.1,200,28,36,2317,32.0,81,2026,1243,322,3.83,3.51
2010,Maize,Black,6.35,201,28,56,1528,23.3,73,2222,202,215,1.14,5.77
2016,Barley,Laterite,8.35,212,45,96,996,17.2,31,2895,1953,207,2.98,3.81
2011,Millet,Black,7.24,149,23,38,1249,16.5,71,2042,1110,298,1.87,9.55
2014,Rice,Red,6.81,192,35,49,1738,26.5,30,2329,506,235,1.33,5.44
2011,Sugarcane,Alluvial,7.24,186,34,64,368,27.9,65,2868,335,127,1.93,2.0
2007,Pulses,Mountain,7.05,191,71,37,2081,32.0,86,2170,2132,71,0.47,7.7
2017,Barley,Alluvial,7.78,187,88,97,2269,20.9,41,2451,2440,157,3.24,4.3
2017,Maize,Alluvial,6.35,126,24,81,511,18.3,38,2488,1808,322,1.12,7.05
2022,Millet,Black,6.56,170,39,55,807,22.6,65,2533,1638,301,2.96,3.88
2012,Maize,Mountain,8.18,97,98,119,2363,22.1,70,1891,1072,64,0.46,6.35
2013,Pulses,Mountain,8.34,228,37,103,1821,17.6,57,2845,1341,419,3.83,8.06
2011,Soybean,Mountain,8.18,183,21,71,631,28.4,67,1971,865,353,0.93,9.39
2005,Groundnut,Black,6.76,230,32,38,850,25.2,62,3015,408,209,3.55,3.72
2007,Pulses,Alluvial,7.84,119,23,63,1924,29.4,71,2900,1151,254,3.28,4.35
2017,Cotton,Black,6.93,217,61,26,1241,22.1,75,3104,1257,162,3.88,5.45
2021,Pulses,Desert,6.99,168,93,63,1027,21.5,51,3187,848,217,2.02,9.38
2005,Maize,Desert,6.11,140,80,87,1179,24.5,54,1978,1541,402,2.96,9.16
2010,Rice,Black,7.27,84,27,53,948,32.5,47,2037,2367,302,1.61,2.26
2010,Sugarcane,Mountain,6.06,201,86,85,1299,15.8,35,2958,826,490,0.9,2.62
2016,Rice,Alluvial,6.49,134,82,88,1821,31.1,47,2676,724,235,1.88,5.71
2017,Maize,Black,8.07,116,28,74,1912,22.4,81,2701,1804,396,0.83,2.41
2017,Sugarcane,Black,6.12,135,30,29,1309,32.1,45,2079,2068,276,3.93,4.44
2019,Cotton,Black,5.71,181,61,115,1850,31.0,44,2842,968,65,0.57,2.76
2020,Groundnut,Red,5.71,172,32,61,1103,22.0,77,2539,2294,205,2.44,6.91
2015,Barley,Desert,8.32,152,55,60,513,28.9,37,2170,971,403,2.58,9.57
2009,Maize,Mountain,7.02,138,32,96,468,18.2,42,2935,939,160,2.24,9.97
2008,Millet,Laterite,6.73,81,31,88,1277,32.9,84,2669,721,50,2.72,4.69
2007,Maize,Mountain,7.93,183,56,29,1628,23.1,72,2818,1600,90,0.64,6.59
2022,Maize,Laterite,8.01,130,93,29,445,24.1,89,2020,2381,97,2.31,8.78
2019,Sugarcane,Red,6.5,109,92,110,2098,29.1,86,2719,447,464,1.29,2.5
2013,Wheat,Black,7.58,90,71,79,815,31.4,36,2103,1541,469,3.77,7.36
2021,Pulses,Red,7.81,187,90,70,752,19.7,46,3148,2058,157,3.1,4.98
2018,Wheat,Red,7.46,155,21,40,359,28.2,79,2237,885,210,3.9,3.25
2019,Cotton,Alluvial,5.95,246,75,27,827,22.8,61,2993,785,210,0.34,4.92
2005,Millet,Desert,8.13,169,79,84,1323,22.4,51,2174,342,408,1.28,2.15
2007,Groundnut,Laterite,7.12,202,42,111,1864,28.8,84,2180,1166,177,0.94,7.41
2020,Soybean,Black,6.35,204,59,97,1402,22.7,80,2785,917,259,0.24,3.65
2015,Cotton,Laterite,6.78,201,83,104,732,21.9,86,1813,842,200,1.12,4.15
2016,Soybean,Mountain,5.61,173,42,49,1476,31.7,42,2542,569,493,2.78,2.53
2014,Soybean,Laterite,5.88,182,48,104,700,17.0,76,2468,1309,304,1.08,8.85
2020,Groundnut,Mountain,7.8,241,97,68,2404,28.5,52,2299,986,267,2.13,5.69
2012,Rice,Desert,5.5,110,70,28,904,20.0,83,2364,1683,79,3.57,6.36
2010,Wheat,Mountain,6.75,131,88,36,2110,15.3,58,2329,1149,94,2.84,6.34
2016,Maize,Laterite,7.07,168,50,88,1763,18.3,51,2291,1548,129,1.7,4.99
2012,Barley,Laterite,5.66,155,69,77,2073,27.1,30,3019,721,88,1.62,3.14
2008,Soybean,Mountain,8.42,208,39,76,1853,29.2,58,2554,2152,289,1.93,7.83
2012,Millet,Red,6.18,101,74,81,1396,15.4,77,2099,554,94,0.87,2.58
2022,Cotton,Desert,6.41,119,21,114,1228,15.7,34,2614,1146,127,2.61,2.38
2009,Rice,Alluvial,6.41,180,44,71,2251,33.1,87,2346,1682,386,1.58,7.54
2013,Soybean,Black,6.19,190,32,80,2273,16.5,64,2526,1847,445,3.44,3.28
2008,Rice,Laterite,5.5,208,89,59,2364,32.9,84,2530,735,398,3.07,4.11
2021,Rice,Black,7.69,144,86,57,1854,19.6,39,2627,1514,337,2.52,5.54
2013,Soybean,Alluvial,8.4,249,77,62,625,29.8,48,2401,2415,489,1.58,5.32
2005,Sugarcane,Black,6.17,228,94,82,1294,21.2,66,3131,1149,329,1.0,7.52
2017,Pulses,Alluvial,7.49,158,83,38,912,32.2,36,3075,820,165,3.15,6.8
2020,Millet,Mountain,7.73,101,88,119,895,29.0,75,2831,627,318,2.05,6.98
2017,Maize,Red,8.05,245,78,69,1220,23.0,64,2567,1925,453,1.05,7.57
2018,Maize,Laterite,6.77,178,79,52,1141,16.5,74,2674,2443,384,0.94,3.99
2007,Millet,Alluvial,6.41,87,81,32,1525,29.7,42,3031,744,361,0.83,4.24
2010,Sugarcane,Black,6.48,96,35,97,643,27.3,39,2736,1023,102,3.15,5.22
2022,Maize,Laterite,7.64,96,87,116,2176,15.1,31,1930,1202,117,1.07,4.11
2009,Rice,Red,7.95,169,34,81,1158,15.2,35,2407,858,231,2.2,9.87
2019,Groundnut,Mountain,6.04,220,74,112,1723,31.2,37,1825,2258,83,1.92,8.42
2006,Cotton,Laterite,6.61,224,54,62,744,20.2,65,2434,930,333,2.4,2.9
2014,Wheat,Alluvial,8.21,245,74,68,2088,27.7,54,3009,2032,355,3.53,1.55
2022,Maize,Red,7.92,160,33,55,521,24.1,73,2283,608,435,3.5,1.86
2017,Millet,Black,8.45,157,68,29,891,32.3,89,2479,283,298,1.91,3.57
2009,Groundnut,Red,7.76,85,26,114,1330,33.3,76,2874,2403,160,0.26,2.47
2005,Soybean,Red,6.68,242,49,25,1595,34.9,69,1804,906,143,1.82,6.03
2005,Pulses,Desert,7.27,189,68,76,1317,18.1,36,2388,2161,459,2.5,8.79
2022,Millet,Red,7.48,93,35,20,2363,32.3,75,2983,1647,228,2.32,7.76
2019,Rice,Red,5.74,151,70,90,1747,20.3,52,2007,333,96,2.68,3.33
2021,Pulses,Laterite,7.13,222,91,77,2345,26.8,48,2056,987,331,0.79,4.89
2015,Cotton,Black,7.63,133,99,110,823,25.1,75,3028,1063,389,2.66,5.82
2021,Cotton,Laterite,6.0,106,61,40,2368,15.4,51,1810,866,411,0.89,8.39
2017,Sugarcane,Laterite,7.84,92,36,111,2108,33.7,42,2748,476,141,3.05,8.63
2005,Barley,Alluvial,7.25,238,82,99,1611,16.6,50,1807,1975,425,1.49,9.23
2006,Sugarcane,Laterite,8.36,242,64,75,1606,28.8,30,2735,1081,261,2.9,5.83
2013,Groundnut,Desert,5.63,139,96,106,1389,30.7,88,1831,2260,124,0.38,7.4
2007,Pulses,Desert,6.3,85,26,39,1972,30.9,48,2339,2282,427,1.75,2.45
2005,Barley,Alluvial,7.3,137,46,73,736,17.7,89,2804,1437,251,2.88,6.3
2020,Soybean,Mountain,6.39,128,29,44,1128,24.0,62,2186,358,494,1.06,3.61
2010,Rice,Black,7.64,230,53,47,558,31.6,33,3051,1333,456,3.22,5.17
2021,Pulses,Black,7.78,241,55,24,2303,21.1,71,2439,2051,470,2.6,6.89
2009,Sugarcane,Laterite,5.81,105,44,40,2289,24.4,32,2006,478,346,2.43,3.68
2009,Wheat,Laterite,7.04,126,25,37,402,20.5,56,3141,310,357,1.54,1.94
2010,Barley,Mountain,7.03,84,43,66,1292,24.3,81,2356,741,260,2.03,1.59
2007,Barley,Laterite,6.61,99,37,89,1068,32.8,70,2147,1338,387,2.47,1.69
2009,Rice,Black,8.3,213,25,76,1424,24.1,64,2592,559,482,2.0,1.57
2009,Maize,Red,7.98,138,48,112,1521,26.1,57,2033,1438,460,2.85,2.44
2014,Cotton,Desert,7.59,225,44,38,536,23.1,35,2867,1956,183,1.85,3.54
2014,Cotton,Red,7.64,211,74,116,1444,24.2,35,2805,1154,379,0.97,3.38
2021,Wheat,Red,6.89,96,65,84,1066,15.3,84,2536,2367,115,1.01,9.89
2018,Groundnut,Black,8.26,93,43,22,1290,20.7,86,2741,1175,329,0.22,4.1
2013,Groundnut,Red,7.58,92,94,61,2059,23.7,73,2965,1112,471,1.34,2.58
2018,Soybean,Mountain,7.69,214,45,40,795,27.7,52,1975,1351,77,3.05,6.14
2005,Pulses,Alluvial,8.09,207,47,118,1347,24.0,62,2248,922,461,3.22,8.79
2017,Millet,Laterite,6.32,123,22,59,2026,21.8,45,2391,1911,166,0.97,7.26
2017,Maize,Alluvial,7.92,198,94,86,2372,22.8,53,1881,524,419,3.84,4.02
2008,Sugarcane,Desert,6.09,222,57,44,637,19.8,34,1934,1729,499,2.11,6.27
2005,Millet,Laterite,6.54,98,80,74,2237,33.5,70,2655,1749,366,3.68,7.58
2021,Millet,Red,6.51,142,97,103,2117,25.4,71,3000,1273,479,2.89,7.69
2012,Barley,Desert,8.44,242,70,71,436,15.3,42,3066,2145,374,2.95,7.17
2006,Wheat,Laterite,8.07,160,67,63,619,15.4,76,2964,1807,163,0.52,8.9
2012,Cotton,Mountain,7.6,242,40,117,2163,34.5,41,2239,2316,124,1.04,8.9
2011,Soybean,Mountain,7.68,226,73,104,1215,19.4,34,2879,590,251,0.23,6.42
2006,Groundnut,Mountain,7.19,227,75,75,1505,31.1,66,2496,215,476,2.92,5.15
2007,Wheat,Mountain,8.34,179,78,74,2197,16.2,60,2218,1045,108,1.51,6.95
2022,Barley,Red,6.99,242,91,106,2433,33.4,57,1887,1068,435,3.19,8.45
2016,Sugarcane,Alluvial,6.64,239,70,89,1225,32.5,57,2455,767,64,1.49,1.55
2005,Soybean,Laterite,5.99,201,39,96,2400,26.4,59,2831,2379,280,3.31,9.93
2016,Barley,Red,7.86,123,78,106,1558,15.2,47,2014,2219,154,0.7,3.05
2009,Cotton,Mountain,7.7,183,90,92,2282,20.2,73,2351,1846,214,0.86,5.5
2021,Cotton,Alluvial,6.65,231,28,100,732,23.1,56,2302,556,248,1.5,8.91
2020,Cotton,Desert,5.58,140,20,85,1298,24.2,64,2498,1856,453,1.75,3.41
2019,Wheat,Desert,8.02,204,48,38,2447,21.0,55,2044,2480,403,1.53,5.55
2019,Wheat,Desert,5.53,224,82,102,1289,15.7,86,2108,235,84,3.1,2.63
2009,Groundnut,Mountain,7.61,150,91,26,898,26.8,68,2030,1227,211,0.57,4.86
2018,Groundnut,Desert,8.41,186,75,82,695,25.5,78,1954,2291,294,1.53,3.01
2006,Sugarcane,Black,6.81,129,87,61,714,20.7,80,2998,313,336,3.38,4.59
2015,Soybean,Laterite,6.2,144,54,61,1238,15.8,89,2647,1972,432,0.45,4.67
2011,Rice,Laterite,7.61,178,22,78,1936,34.9,47,1914,1397,68,3.78,9.94
2010,Rice,Mountain,7.95,111,26,39,840,24.6,62,2110,1478,329,3.95,9.96
2006,Barley,Black,7.14,243,46,92,1949,30.1,54,2792,665,389,0.54,2.48
2010,Cotton,Red,8.4,220,20,36,2245,24.0,85,2099,1687,472,1.31,7.67
2022,Soybean,Red,5.66,137,99,46,383,15.9,60,2841,1046,397,1.62,1.94
2006,Millet,Desert,7.01,207,90,66,570,21.2,66,2583,701,231,3.15,1.76
2022,Wheat,Alluvial,7.66,221,63,21,687,21.4,88,1811,640,472,2.46,2.4
2019,Pulses,Red,8.09,244,60,82,513,31.8,89,2031,2316,450,2.65,9.71
2006,Maize,Alluvial,6.04,191,94,81,358,28.1,31,2754,525,196,3.08,9.5
2010,Sugarcane,Laterite,7.9,147,61,119,1925,20.5,62,2529,1965,423,0.65,3.15
2005,Cotton,Alluvial,7.16,119,52,38,1142,34.4,68,3101,266,225,3.37,2.87
2019,Cotton,Laterite,6.69,223,69,36,1827,21.4,72,3176,503,212,2.88,3.54
2014,Cotton,Black,5.9,211,82,88,2029,35.0,72,2817,1171,465,2.39,5.88
2021,Wheat,Black,8.1,169,56,58,422,34.9,61,2798,683,224,3.58,6.34
2009,Wheat,Mountain,5.97,107,78,101,1736,18.8,47,2102,1128,96,2.86,3.38
2008,Maize,Mountain,6.43,175,67,90,1462,21.3,46,2340,1640,305,0.97,7.93
2014,Millet,Desert,6.37,110,24,100,861,24.7,63,2269,348,497,1.83,4.13
2021,Soybean,Red,8.11,82,67,58,2465,28.3,68,2612,2495,223,2.08,9.34
2014,Cotton,Desert,7.52,215,22,55,2037,25.6,36,1876,1324,152,0.41,7.08
2021,Rice,Laterite,7.89,103,66,59,1204,34.4,71,2819,295,170,3.83,5.21
2009,Groundnut,Desert,6.25,94,81,64,694,29.5,83,1823,481,468,0.69,8.21
2006,Rice,Alluvial,7.37,238,33,23,2026,19.2,82,2838,728,399,2.85,8.45
2010,Barley,Laterite,7.22,124,82,44,2016,17.1,64,2475,1842,194,2.12,3.97
2006,Rice,Mountain,8.0,87,80,88,1234,28.8,59,2324,779,91,0.3,4.39
2017,Barley,Black,8.22,150,50,49,1401,18.2,41,2146,1863,416,3.71,9.46
2015,Pulses,Mountain,5.54,187,36,95,1735,30.8,64,1971,1831,78,3.44,2.9
2015,Groundnut,Red,7.52,194,43,87,374,21.2,40,3150,1009,429,2.19,1.86
2020,Rice,Laterite,5.66,182,42,107,594,21.5,73,2511,892,322,1.07,5.36
2015,Pulses,Laterite,7.15,204,69,48,320,15.2,86,2288,434,63,0.66,8.31
2019,Sugarcane,Alluvial,6.36,136,97,92,1338,29.0,33,2177,1151,457,1.58,8.06
2020,Soybean,Red,6.42,109,98,87,1534,17.3,54,2987,2054,490,1.17,9.32
2015,Pulses,Black,6.56,225,98,70,859,30.5,77,2171,1560,355,2.13,6.03
2020,Soybean,Laterite,7.36,193,89,43,1409,24.8,61,2799,1231,362,3.87,2.35
2012,Rice,Laterite,6.5,196,46,33,1472,30.7,49,2776,1666,238,2.38,6.5
2008,Millet,Alluvial,7.7,246,34,88,671,26.7,79,2556,2164,409,3.58,8.12
2012,Pulses,Desert,6.71,139,69,37,2327,16.6,60,2276,738,344,2.67,2.29
2008,Groundnut,Black,5.71,177,55,61,1117,30.3,33,2181,1019,232,2.01,2.97
2007,Rice,Mountain,7.85,205,27,76,1474,16.4,83,1954,1881,401,3.45,1.6
2007,Cotton,Red,6.36,230,98,102,1464,24.6,67,2056,471,85,1.99,6.55
2022,Wheat,Laterite,6.8,173,22,31,1392,18.4,82,2473,1228,419,3.5,9.04
2009,Pulses,Laterite,7.56,213,81,101,1583,30.0,76,1867,2122,86,1.31,7.2
2022,Groundnut,Mountain,6.5,201,66,36,2311,33.2,30,2143,1442,63,0.69,9.85
2014,Sugarcane,Black,5.67,187,96,49,1145,26.1,32,3100,1341,460,3.45,2.04
2010,Cotton,Desert,6.62,83,80,107,2291,25.5,66,2472,792,172,2.43,9.18
2005,Sugarcane,Laterite,8.33,172,51,94,820,30.3,51,2190,1805,132,3.58,8.42
2009,Rice,Black,7.43,230,32,118,670,15.1,46,2058,314,208,3.76,4.17
2013,Wheat,Mountain,7.51,85,20,42,1742,33.4,43,2106,1877,378,0.4,9.77
2016,Pulses,Alluvial,7.4,111,53,100,400,18.9,70,2918,1645,151,2.1,3.95
2018,Pulses,Desert,6.1,185,81,20,960,34.7,64,2749,406,386,1.62,9.06
2006,Millet,Red,6.76,225,98,98,1981,29.7,87,2769,311,132,2.58,8.99
2021,Millet,Laterite,7.75,94,97,51,542,30.5,42,2045,1640,93,3.22,7.94
2018,Rice,Black,5.8,247,90,28,811,28.1,64,2532,2082,117,1.27,6.29
2017,Rice,Alluvial,6.33,201,50,34,1841,24.4,72,1986,384,97,2.32,2.52
2013,Wheat,Red,6.33,175,83,47,2414,26.4,31,2724,1964,106,2.89,6.02
2019,Millet,Black,6.8,85,44,43,695,15.9,85,2584,1100,124,0.71,4.53
2019,Groundnut,Black,8.44,191,57,79,911,27.5,76,3196,420,71,3.29,8.23
2015,Groundnut,Red,5.7,199,33,54,1560,27.5,42,2207,1667,181,2.5,7.94
2020,Wheat,Alluvial,7.06,202,27,105,2157,32.8,80,2948,1293,351,3.81,9.24
2021,Groundnut,Mountain,6.04,146,73,46,1069,25.1,83,3160,2212,492,1.49,1.63
2008,Barley,Alluvial,8.41,185,21,102,1722,16.5,45,2140,800,467,0.61,8.38
2005,Soybean,Desert,5.84,218,97,95,706,21.1,47,2362,1360,316,2.12,9.48
2012,Wheat,Laterite,6.71,122,75,39,2172,28.1,36,3001,703,336,0.53,8.21
2021,Wheat,Red,7.71,224,80,84,1803,19.8,74,2450,2378,444,3.88,2.61
2007,Maize,Mountain,7.61,175,41,104,1479,20.6,65,2751,417,169,0.35,2.19
2019,Cotton,Red,6.77,211,54,68,953,31.4,70,2993,2418,295,3.06,1.68
2019,Cotton,Red,6.54,160,35,20,1481,26.7,59,2862,1698,105,2.2,6.84
2018,Barley,Alluvial,6.69,120,69,29,1276,25.2,71,1868,811,87,1.6,6.85
2018,Millet,Laterite,6.29,212,62,66,1739,21.4,70,3059,1352,294,0.45,9.89
2006,Rice,Desert,6.12,239,36,78,1667,29.6,36,2180,256,70,2.56,4.88
2017,Rice,Black,6.95,114,99,115,528,20.8,44,1856,1404,159,2.42,4.32
2018,Sugarcane,Black,6.31,101,77,81,2193,29.7,89,3100,445,143,1.27,6.81
2011,Barley,Red,6.36,229,21,105,1613,16.4,69,2649,343,443,3.66,8.52
2007,Wheat,Laterite,7.47,191,23,37,1370,32.3,48,2922,567,459,1.36,9.46
2019,Barley,Mountain,8.41,90,58,65,1274,25.0,72,2715,1682,185,1.91,8.33
2018,Barley,Alluvial,7.31,82,25,51,2038,23.8,66,2124,2465,280,2.27,5.13
2015,Barley,Laterite,5.73,216,88,46,1057,27.2,31,2260,815,57,0.58,6.9
2019,Cotton,Laterite,5.73,139,88,111,620,27.5,71,1978,2081,493,3.74,8.78
2017,Barley,Alluvial,8.35,155,39,37,855,17.6,77,2643,1788,377,1.62,5.67
2022,Soybean,Red,6.39,166,83,58,1143,30.1,84,2373,898,424,0.51,3.34
2010,Rice,Laterite,5.78,93,35,68,1636,20.5,42,1918,1075,339,1.67,2.94
2007,Sugarcane,Black,7.3,97,70,112,1686,33.1,69,2348,1885,300,2.48,1.5
2019,Soybean,Alluvial,7.37,192,56,101,967,31.4,70,2445,1144,449,2.15,7.61
2009,Sugarcane,Mountain,7.45,152,92,63,2242,21.9,72,1825,1122,410,2.84,2.44
2014,Maize,Desert,6.3,102,88,91,2304,31.2,72,2831,1946,446,0.41,3.57
2011,Sugarcane,Red,5.55,162,61,73,2230,22.1,84,2768,224,136,1.28,4.03
2021,Rice,Alluvial,8.4,204,76,114,1045,17.0,87,2332,1887,253,3.31,6.26
2011,Rice,Desert,6.25,148,85,53,974,34.2,60,1948,1759,268,0.5,4.88
2016,Barley,Desert,7.53,126,28,90,2463,28.1,45,2848,1283,455,3.45,7.23
2021,Pulses,Mountain,7.62,195,83,55,1365,24.1,71,2454,633,290,0.55,1.97
2017,Maize,Laterite,7.33,109,41,37,917,23.0,85,2744,1289,460,3.37,2.55
2008,Wheat,Mountain,6.44,104,53,57,2465,21.5,73,2354,2151,369,1.57,5.74
2014,Groundnut,Laterite,6.31,235,74,78,2447,34.6,86,2224,2353,307,2.53,4.36
2007,Sugarcane,Laterite,7.29,191,48,28,1292,17.7,35,2092,295,158,0.78,4.01
2013,Pulses,Alluvial,8.1,104,57,92,1628,21.3,57,3008,367,305,0.45,2.07
2017,Barley,Alluvial,8.34,153,37,91,1677,24.7,61,2353,2289,331,1.02,9.11
2022,Cotton,Red,5.82,137,90,70,585,24.6,73,2230,2102,269,0.69,7.38
2019,Wheat,Laterite,5.96,173,84,54,2410,24.4,39,2403,2351,132,1.39,2.53
2008,Millet,Desert,8.33,198,20,101,986,18.5,79,2116,2068,156,2.15,2.05
2019,Pulses,Black,7.71,206,23,24,1605,17.9,47,2197,2198,118,2.44,9.79
2006,Cotton,Red,8.15,248,23,33,1764,20.1,33,3147,1333,146,3.2,7.29
2019,Maize,Alluvial,6.11,104,46,111,1037,33.3,38,2395,2210,261,2.69,5.05
2012,Barley,Mountain,7.26,157,62,49,2258,17.3,36,2345,948,335,2.51,7.46
2012,Wheat,Red,7.6,178,78,23,2194,30.1,79,1875,2091,286,1.76,7.93
2021,Wheat,Red,7.54,195,51,58,1785,30.2,37,2664,1030,57,2.0,8.13
2016,Wheat,Red,6.72,127,52,103,2400,31.2,72,2715,248,343,1.78,5.56
2014,Maize,Red,5.55,89,47,83,785,32.7,36,2508,314,238,3.4,5.15
2013,Sugarcane,Black,7.25,178,74,44,1813,20.3,70,2285,1378,130,1.07,1.59
2009,Millet,Mountain,6.26,90,79,47,2301,19.5,69,2911,1872,157,0.22,9.38
2010,Maize,Mountain,6.85,164,89,95,1687,24.3,32,2546,270,370,2.68,6.63
2006,Groundnut,Mountain,8.37,228,81,85,1330,20.3,46,3055,1559,116,0.97,3.23
2017,Millet,Laterite,6.7,214,99,97,2065,29.7,31,2830,266,223,3.58,9.32
2010,Rice,Desert,8.02,205,53,41,967,27.7,44,2349,1716,395,3.46,9.28
2009,Barley,Mountain,6.07,143,75,50,1520,32.5,75,2775,1873,400,0.49,9.91
2005,Maize,Red,7.52,81,32,42,1134,16.7,58,2875,1977,377,0.6,8.93
2010,Cotton,Red,8.43,155,75,67,1175,33.3,79,2741,1166,92,2.08,9.98
2010,Millet,Mountain,5.81,200,37,39,1301,20.9,77,2718,2428,236,2.52,3.58
2020,Groundnut,Mountain,5.52,121,73,57,549,24.8,81,3044,1989,351,1.24,8.66
2008,Rice,Red,6.8,133,96,74,2239,23.8,51,2966,812,249,2.92,8.5
2015,Sugarcane,Laterite,5.78,154,62,87,1918,30.2,33,2162,2086,430,2.46,3.46
2013,Cotton,Alluvial,7.75,95,58,98,1563,23.4,86,2181,1822,468,1.43,2.34
2007,Millet,Alluvial,8.24,97,80,107,1171,33.9,81,3100,896,88,0.3,9.83
2012,Barley,Mountain,6.8,169,61,108,1134,33.1,35,2070,2495,269,3.05,4.02
2009,Cotton,Black,6.28,223,98,20,1218,32.4,67,2837,1437,356,1.02,8.9
2008,Rice,Mountain,6.8,85,37,26,2024,16.4,55,2097,448,53,3.37,1.54
2010,Cotton,Mountain,7.67,187,42,76,1613,32.1,40,2803,837,170,1.8,1.68
2006,Soybean,Alluvial,5.53,127,73,114,2197,30.6,55,2033,1149,385,2.39,5.46
2015,Pulses,Red,7.27,121,49,31,702,17.1,46,2374,2104,126,3.52,3.53
2008,Sugarcane,Mountain,7.34,155,77,24,2405,17.1,53,1826,1311,228,3.48,7.36
2019,Rice,Red,7.41,156,87,69,1627,17.0,57,1892,375,182,1.61,6.31
2010,Cotton,Red,6.23,211,86,61,1438,15.2,64,2416,922,360,0.99,2.16
2021,Pulses,Black,7.64,209,90,31,509,26.0,60,2108,970,278,3.15,2.88
2010,Pulses,Red,5.77,138,37,37,1364,34.5,42,1851,2147,325,1.85,4.8
2006,Cotton,Alluvial,6.1,234,26,85,1115,23.8,83,2118,902,201,0.93,3.08
2019,Barley,Laterite,8.13,106,59,93,533,25.8,64,1980,2328,213,3.64,8.23
2015,Soybean,Laterite,7.72,158,89,98,1092,34.4,45,2943,1126,339,0.95,5.04
2012,Maize,Desert,5.54,151,84,113,2207,20.1,44,2674,337,427,0.3,2.29
2017,Soybean,Mountain,6.25,86,87,36,1913,32.2,72,2866,1349,158,0.28,5.62
2016,Cotton,Alluvial,6.14,190,68,87,2466,25.9,47,2446,2140,175,2.56,2.27
2009,Sugarcane,Red,6.31,198,71,90,634,26.4,76,3083,2091,289,2.71,2.6
2010,Maize,Laterite,6.24,142,48,81,1659,21.9,66,1996,2078,359,1.38,3.54
2008,Rice,Alluvial,5.69,203,40,60,1939,26.2,77,2444,1453,467,1.42,8.81
2005,Soybean,Laterite,6.88,91,97,114,1397,16.5,77,2770,1683,450,1.49,9.36
2021,Cotton,Red,7.7,220,28,53,1514,30.3,78,2054,1568,438,2.78,8.52
2016,Soybean,Laterite,7.32,122,66,89,623,20.7,70,2531,509,394,0.42,4.34
2019,Maize,Mountain,7.52,96,95,64,2090,32.8,56,2135,1243,195,3.73,3.82
2005,Groundnut,Mountain,5.74,142,61,77,583,22.4,84,2789,1870,301,1.05,6.17
2018,Millet,Desert,8.35,199,70,70,512,17.9,64,2699,1764,232,4.0,7.64
2010,Soybean,Desert,8.02,115,75,53,1958,28.9,81,3078,1783,358,0.85,9.94
2009,Rice,Laterite,7.92,87,70,63,2041,18.3,74,2313,1700,355,3.13,2.62
2015,Rice,Alluvial,7.97,148,89,34,1228,30.1,83,2041,969,121,1.05,1.92
2008,Wheat,Mountain,8.3,169,39,97,1051,34.4,64,1948,215,268,0.51,7.4
2017,Soybean,Alluvial,7.13,115,46,89,1717,30.6,57,3122,805,256,3.52,8.57
2015,Millet,Alluvial,6.1,107,57,69,2121,15.4,68,2556,1581,222,3.46,8.69
2007,Barley,Laterite,7.35,197,91,51,1345,27.0,67,2419,1012,190,1.73,7.27
2005,Pulses,Alluvial,7.73,172,84,86,2094,28.9,38,2252,2190,321,2.87,9.61
2010,Millet,Mountain,7.71,155,73,22,2192,31.5,41,2011,1094,263,2.32,5.84
2022,Pulses,Red,7.06,180,43,105,404,16.1,44,2467,1767,318,3.44,9.27
2014,Pulses,Desert,5.71,237,66,105,1789,24.6,50,2393,613,69,1.4,9.73
2009,Groundnut,Red,6.61,230,90,93,1782,25.7,81,1930,224,115,2.19,8.7
2014,Wheat,Alluvial,8.26,223,82,70,1755,18.4,64,3152,2204,352,2.04,4.13
2016,Millet,Red,7.25,93,76,86,1069,21.4,71,2411,515,196,1.54,3.17
2006,Millet,Mountain,7.11,150,74,95,2259,23.8,62,2055,770,478,3.59,6.16
2017,Groundnut,Mountain,6.31,203,79,112,2327,31.7,80,2360,924,214,0.83,5.35
2012,Soybean,Alluvial,6.61,204,81,67,678,33.6,48,1862,2049,427,0.77,8.96
2006,Soybean,Laterite,8.19,116,49,36,1012,27.6,84,3134,1499,359,2.39,2.35
2005,Soybean,Red,7.5,108,41,26,1672,22.9,52,2206,2153,55,2.7,3.69
2009,Sugarcane,Laterite,7.86,222,94,32,524,20.1,42,2601,588,63,0.94,7.89
2013,Pulses,Laterite,6.86,98,48,85,2037,34.6,73,2928,643,181,1.68,2.31
2021,Sugarcane,Black,7.39,185,60,23,1037,34.7,30,1814,1170,391,3.8,4.23
2013,Wheat,Alluvial,6.25,100,61,29,535,33.5,80,2058,2164,292,1.14,4.79
2015,Groundnut,Desert,7.62,143,84,107,482,30.7,58,2522,2028,488,2.74,6.79
2019,Millet,Mountain,6.78,244,50,36,1011,21.5,53,3082,503,280,3.01,2.84
2010,Pulses,Mountain,6.83,106,49,71,2192,31.3,45,2413,963,277,1.9,8.82
2007,Sugarcane,Alluvial,7.45,134,37,25,2188,23.2,54,3083,2173,211,3.76,5.3
2021,Sugarcane,Desert,8.31,108,36,102,922,21.5,84,2868,1015,332,3.0,9.29
2009,Cotton,Mountain,5.69,227,57,88,1559,29.9,52,2612,2359,312,1.94,5.48
2016,Sugarcane,Alluvial,7.97,104,33,115,1450,16.6,57,2130,1077,180,2.36,3.84
2022,Barley,Mountain,6.38,149,98,93,1048,16.0,76,1964,902,480,2.83,2.71
2018,Millet,Laterite,6.83,142,75,28,809,24.0,45,3016,1143,274,2.45,1.53
2015,Barley,Red,5.57,243,41,110,1875,23.9,72,3197,2260,307,3.54,6.02
2013,Millet,Red,6.4,209,86,96,2123,32.9,85,2888,502,283,1.56,2.41
2006,Groundnut,Mountain,7.01,229,75,102,1084,17.5,67,2186,1779,385,1.34,4.83
2016,Millet,Black,5.67,95,38,40,436,17.5,40,2853,359,458,1.01,6.51
2007,Barley,Desert,6.97,225,76,43,2434,17.9,32,3089,2401,365,0.34,3.84
2007,Millet,Desert,8.28,179,63,23,2077,15.6,44,2127,2428,73,0.36,2.99
2005,Groundnut,Desert,5.82,109,54,43,1522,16.4,30,3040,1403,320,3.51,8.09
2012,Groundnut,Laterite,7.79,124,20,78,1633,28.2,36,2119,1391,144,2.78,9.55
2012,Wheat,Desert,6.73,98,71,118,2077,23.6,30,2198,1373,191,2.71,2.35
2015,Millet,Red,7.47,113,89,22,1604,30.3,78,1904,2263,231,2.54,2.82
2013,Cotton,Laterite,6.28,220,56,87,1063,34.9,61,2495,1314,255,3.43,9.66
2009,Soybean,Alluvial,5.98,141,84,59,1001,28.2,38,2816,1343,439,2.03,1.82
2018,Rice,Desert,5.98,197,70,67,451,16.0,58,2129,2179,130,3.51,9.81
2007,Groundnut,Desert,5.71,179,20,73,1625,17.1,55,2459,452,323,1.57,1.54
2009,Maize,Alluvial,6.06,101,40,54,1601,32.6,52,2870,1632,325,3.72,8.93
2009,Soybean,Desert,7.49,190,72,114,2011,25.5,74,2398,2278,420,2.85,4.11
2018,Pulses,Alluvial,8.15,243,35,75,1331,31.5,72,2620,930,495,1.18,9.48
2008,Millet,Laterite,7.94,152,80,108,1106,32.1,58,2440,697,257,2.34,4.19
2017,Barley,Red,7.56,226,73,59,534,33.6,81,2113,1628,345,2.23,7.06
2014,Rice,Alluvial,5.83,117,59,96,860,34.0,67,2970,747,88,0.72,2.18
2022,Maize,Black,6.37,149,45,87,1625,26.1,62,2261,1160,485,2.45,3.56
2012,Soybean,Alluvial,6.43,195,99,65,337,21.8,36,2285,331,337,1.4,8.08
2012,Millet,Desert,6.25,158,84,97,1459,34.2,41,2209,1547,173,0.4,5.99
2011,Wheat,Laterite,7.05,227,93,32,720,25.9,60,1826,1057,413,3.8,9.39
2012,Pulses,Mountain,7.11,88,83,46,1542,16.3,61,2852,1355,332,2.64,5.14
2018,Rice,Laterite,6.57,111,62,25,647,27.9,83,2070,2232,415,3.53,8.89
2010,Cotton,Mountain,6.56,211,36,36,2131,26.8,49,2485,720,229,2.77,5.32
2005,Wheat,Alluvial,7.99,129,78,55,1869,32.9,84,2300,229,146,1.56,9.82
2019,Maize,Red,7.87,161,42,118,2218,28.1,80,3076,2251,240,2.15,9.66
2005,Rice,Black,6.42,84,26,100,2201,22.0,46,2184,708,123,2.77,4.3
2021,Wheat,Laterite,8.24,227,63,21,1697,34.3,65,1859,1460,496,3.85,9.03
2005,Pulses,Desert,8.36,166,72,96,2124,31.0,32,2930,1758,322,1.16,8.7
2019,Cotton,Mountain,6.48,205,90,71,1528,27.6,30,2019,215,98,3.52,3.29
2006,Wheat,Desert,6.56,154,98,85,704,20.9,79,2570,1196,386,3.71,6.81
2018,Sugarcane,Red,7.02,244,53,71,2021,22.5,56,2363,1807,259,2.75,2.12
2012,Cotton,Mountain,8.32,101,65,111,1520,28.4,82,2345,2039,165,3.74,8.61
2012,Maize,Laterite,8.13,147,87,62,414,16.4,76,1895,2216,72,1.71,2.98
2011,Pulses,Alluvial,5.81,123,97,109,1976,20.1,69,2788,1453,147,3.82,2.1
2010,Millet,Desert,6.68,113,97,41,364,29.3,62,2912,1943,377,2.87,4.9
2010,Barley,Red,7.16,156,35,74,1599,24.6,49,2627,1288,446,0.36,6.4
2007,Barley,Laterite,7.01,121,90,86,1124,23.0,43,2030,1561,456,3.65,8.77
2011,Barley,Laterite,6.08,216,38,118,1715,18.0,65,2767,577,362,2.04,9.78
2012,Rice,Laterite,8.08,185,21,79,1268,23.8,34,2074,1398,239,1.95,5.24
2014,Maize,Laterite,7.53,174,29,77,668,30.4,52,2045,675,231,2.35,2.01
2019,Pulses,Mountain,8.01,214,69,31,532,20.3,74,1910,1489,197,0.77,7.87
2019,Cotton,Laterite,8.08,147,31,107,1206,15.1,89,2033,528,391,1.98,6.3
2005,Rice,Desert,7.75,226,89,88,1220,28.4,85,3101,2039,485,3.36,5.31
2011,Maize,Red,6.82,238,41,103,988,34.5,44,2216,1386,72,0.26,4.13
2008,Millet,Mountain,7.33,207,51,58,476,27.1,35,2477,637,154,1.24,5.77
2010,Sugarcane,Laterite,5.98,242,20,32,1334,17.4,62,2951,1590,212,0.21,4.38
2005,Pulses,Black,7.52,164,73,60,1769,21.4,84,3060,1973,116,1.78,7.93
2009,Barley,Black,6.04,238,77,76,929,32.4,48,2602,1422,339,2.97,6.12
2005,Wheat,Red,7.58,162,89,72,463,19.7,42,2418,1723,338,3.24,8.95
2008,Pulses,Alluvial,6.19,174,37,31,2400,27.2,58,2951,2263,95,3.79,6.12
2006,Groundnut,Alluvial,5.85,111,25,32,1123,23.1,35,2506,2044,130,2.51,3.53
2014,Maize,Mountain,6.0,145,64,93,355,19.2,44,2650,1519,478,1.17,8.73
2009,Soybean,Mountain,5.51,195,42,116,417,31.3,45,2274,1067,196,3.71,6.24
2014,Millet,Mountain,7.66,217,42,76,1097,29.9,53,2454,2011,271,3.15,3.26
2005,Sugarcane,Alluvial,7.7,209,45,59,1079,28.2,52,2194,1183,392,2.38,6.8
2010,Millet,Black,7.04,139,96,99,1738,19.7,77,1910,1462,64,2.84,4.54
2017,Pulses,Alluvial,5.98,96,26,64,2193,17.0,39,1889,1524,428,3.71,8.68
2019,Soybean,Desert,5.75,175,98,54,1007,26.5,83,2562,2253,170,2.91,5.35
2008,Groundnut,Laterite,5.56,223,63,22,1403,26.1,70,3103,1218,127,1.6,7.67
2017,Cotton,Mountain,6.0,95,46,24,321,18.8,70,3156,1989,371,2.91,2.31
2019,Wheat,Black,8.17,125,45,109,1800,16.1,78,3047,1006,344,0.35,4.87
2012,Soybean,Red,6.22,246,98,30,1142,16.6,46,2924,2093,290,1.67,9.86
2009,Maize,Red,6.56,238,55,90,2060,34.9,78,1931,1609,67,1.74,8.37
2019,Barley,Laterite,5.82,186,74,75,1416,30.7,85,2836,1518,305,0.83,2.86
2008,Groundnut,Black,6.17,167,83,29,491,33.4,73,2256,1341,492,0.29,3.86
2016,Wheat,Alluvial,7.06,208,76,53,1318,18.9,74,1897,604,465,0.71,4.3
2017,Sugarcane,Alluvial,7.32,218,88,86,1426,34.2,59,2943,1986,326,2.69,7.03
2006,Barley,Desert,6.24,198,80,91,695,17.9,73,2092,793,473,3.25,7.93
2008,Pulses,Desert,5.67,164,21,50,1318,25.2,75,2824,211,76,3.96,7.87
2008,Soybean,Alluvial,6.67,83,74,94,866,31.6,39,2371,2412,51,1.52,5.83
2015,Wheat,Red,6.2,150,99,90,530,22.0,84,2049,1517,402,2.48,8.39
2009,Rice,Mountain,6.16,233,57,85,1173,23.5,48,2451,1742,344,3.76,5.22
2015,Cotton,Red,8.38,190,99,89,539,17.6,58,1948,2325,361,0.83,2.55
2014,Cotton,Desert,7.35,129,97,60,389,17.5,31,1843,813,412,2.93,6.3
2012,Groundnut,Laterite,7.17,219,48,82,756,27.4,65,2867,2186,432,3.07,9.59
2010,Sugarcane,Alluvial,6.75,174,45,51,653,28.5,48,2901,1068,288,0.54,8.24
2010,Groundnut,Desert,6.79,171,54,39,1304,30.5,36,3049,1011,62,3.47,6.42
2012,Rice,Desert,7.12,144,98,76,1656,26.1,55,1961,2022,431,3.29,7.0
2019,Maize,Mountain,7.59,126,86,117,738,27.9,44,2052,966,233,0.33,9.41
2018,Sugarcane,Alluvial,7.61,185,48,69,1698,15.3,76,1931,281,243,0.55,5.14
2015,Millet,Mountain,6.02,209,53,99,644,18.2,85,2273,1944,105,0.39,4.32
2016,Maize,Alluvial,7.0,185,60,44,956,34.7,67,2932,2456,279,1.47,9.81
2017,Sugarcane,Mountain,6.74,103,60,31,2477,16.5,32,2505,721,77,2.14,8.84
2012,Sugarcane,Red,8.11,83,42,90,2488,28.6,67,2858,1527,369,2.22,4.25
2022,Rice,Laterite,7.39,187,90,58,1416,18.5,45,2074,1193,120,1.22,5.44
2005,Pulses,Laterite,7.1,98,22,36,925,29.3,31,1986,1725,259,3.66,5.03
2019,Rice,Alluvial,5.85,233,77,64,583,29.1,60,2748,1669,497,1.6,2.77
2012,Sugarcane,Black,7.32,119,51,30,2279,19.7,57,2042,1713,233,0.37,9.64
2015,Wheat,Desert,5.85,129,50,89,1978,20.4,36,2063,980,474,1.34,4.94
2016,Maize,Desert,6.51,154,62,42,522,28.1,59,2321,1651,424,2.22,8.94
2016,Rice,Alluvial,5.93,91,26,110,1043,22.8,72,2762,758,405,1.75,3.11
2008,Pulses,Mountain,7.58,106,20,89,762,18.9,87,2582,2338,90,1.24,6.16
2020,Soybean,Black,6.12,192,80,57,1868,29.6,36,2910,2237,309,0.7,1.7
2008,Groundnut,Red,6.68,128,33,21,2005,18.1,65,2334,1953,490,3.31,8.0
2009,Sugarcane,Mountain,8.19,223,71,105,1463,32.1,58,2009,1059,463,3.99,6.44
2009,Millet,Mountain,6.11,209,25,103,2036,25.3,53,1845,1812,393,1.45,6.82
2012,Soybean,Alluvial,7.02,139,29,108,1346,17.1,81,1825,755,133,1.65,1.94
2014,Cotton,Alluvial,6.76,109,90,98,964,28.9,68,3089,355,95,2.55,3.29
2021,Barley,Desert,5.55,163,49,112,1656,25.4,33,1974,2249,489,2.93,2.13
2013,Pulses,Alluvial,7.88,245,40,91,1314,21.0,58,3134,1580,208,1.69,3.96
2018,Millet,Alluvial,5.71,107,79,56,2432,23.5,73,2121,1024,393,3.64,6.83
2012,Barley,Alluvial,6.92,104,93,68,1354,21.0,34,2958,1792,56,2.33,6.31
2013,Pulses,Desert,7.18,175,82,71,2064,20.3,84,1854,1281,382,1.91,6.7
2015,Wheat,Red,7.39,204,61,52,2213,18.3,58,2979,1403,487,2.66,6.17
2005,Groundnut,Red,7.57,89,70,41,662,22.3,59,2467,692,185,3.82,3.82
2018,Soybean,Alluvial,6.26,121,83,24,1712,20.0,58,1946,868,232,3.22,3.58
2009,Maize,Desert,5.53,119,95,37,967,28.7,55,2398,274,246,0.35,2.67
2018,Pulses,Red,7.67,156,75,57,2180,28.7,48,1819,570,221,1.46,8.72
2008,Maize,Mountain,7.11,184,99,56,1694,25.0,55,3092,786,446,1.99,6.74
2005,Groundnut,Red,8.01,197,60,113,398,30.6,66,2132,528,398,1.4,3.09
2012,Sugarcane,Red,7.96,121,51,114,2394,31.8,56,2706,789,325,2.86,3.01
2019,Cotton,Desert,8.03,126,34,83,721,26.6,59,2743,1990,127,3.34,8.92
2019,Soybean,Mountain,6.96,244,81,29,1803,27.4,80,2710,976,465,2.98,7.81
2013,Groundnut,Desert,6.5,101,46,98,361,20.7,82,2200,2222,493,3.96,7.1
2013,Groundnut,Alluvial,7.87,186,47,61,1432,32.9,59,2749,778,227,1.24,4.96
2014,Wheat,Laterite,6.85,106,83,67,2002,15.5,32,3129,420,76,3.52,3.73
2013,Barley,Red,6.05,120,78,63,897,22.0,88,1827,1387,169,3.11,9.83
2007,Cotton,Laterite,8.06,159,77,101,691,29.4,87,2266,1703,330,1.58,8.28
2015,Soybean,Desert,8.15,241,21,106,1375,16.6,72,3083,1907,357,2.99,4.07
2010,Sugarcane,Desert,6.9,239,55,116,1612,18.7,36,2781,1945,245,0.6,8.7
2006,Sugarcane,Desert,5.73,168,90,35,2329,26.8,78,1900,387,326,3.2,7.95
2011,Rice,Laterite,6.66,145,32,73,1109,26.2,86,2350,1414,67,2.22,4.03
2022,Groundnut,Desert,7.91,91,34,54,1705,29.8,38,2601,1309,344,1.31,5.13
2006,Pulses,Alluvial,8.21,247,79,117,1459,31.3,82,2152,1043,320,2.69,3.08
2021,Wheat,Desert,6.11,152,41,47,1831,17.6,70,3123,730,102,2.64,2.44
2015,Cotton,Black,5.7,155,82,21,1685,15.4,71,2095,1270,343,1.0,7.64
2016,Sugarcane,Laterite,8.13,169,94,113,1180,28.8,42,2152,1162,481,0.32,3.77
2011,Soybean,Black,6.67,89,93,32,1899,21.0,44,2707,1369,101,1.85,8.47
2010,Rice,Desert,7.13,175,44,60,553,27.5,83,2953,1605,265,2.36,9.96
2005,Soybean,Alluvial,8.4,99,67,99,2367,18.0,34,2818,716,121,3.53,2.15
2021,Wheat,Red,5.7,118,62,78,1468,24.4,58,2979,2088,77,3.73,5.52
2015,Pulses,Mountain,7.44,139,57,88,1531,25.1,64,2897,1691,449,2.21,8.32
2022,Rice,Mountain,5.72,145,60,111,465,26.7,56,3165,1317,301,3.06,8.21
2021,Rice,Desert,6.63,144,64,72,1873,25.3,56,2913,332,423,1.87,7.96
2011,Barley,Alluvial,7.91,203,59,64,916,24.9,37,2254,513,449,3.04,4.47
2021,Cotton,Laterite,6.8,243,36,39,1925,21.7,61,2511,790,84,0.98,5.36
2013,Rice,Black,8.49,231,76,43,802,16.4,49,2779,1743,450,1.61,6.56
2021,Barley,Black,7.18,234,21,80,1212,16.8,39,3155,2406,250,2.61,9.78
2012,Barley,Black,6.46,209,81,110,2426,23.7,42,2538,2085,298,0.27,4.28
2021,Wheat,Laterite,6.16,238,28,113,884,22.1,58,2776,1826,148,2.95,9.35
2011,Maize,Mountain,6.55,136,87,77,2258,25.3,64,3171,947,357,3.38,3.79
2005,Soybean,Alluvial,6.62,157,36,46,695,21.1,83,2032,1697,189,1.72,9.91
2017,Pulses,Laterite,5.71,108,69,45,1931,28.8,37,2823,1000,132,1.9,7.2
2021,Millet,Black,6.61,94,59,26,2180,32.3,58,1901,1697,97,3.43,5.44
2017,Soybean,Desert,6.89,91,77,61,701,21.0,60,2752,1579,327,3.15,6.71
2020,Rice,Red,7.67,180,94,66,1274,18.9,70,2280,879,428,1.29,3.82
2012,Pulses,Laterite,7.47,235,40,72,523,17.3,59,3037,2361,297,1.43,3.83
2022,Sugarcane,Laterite,7.63,163,37,78,817,27.3,51,1907,1096,432,2.78,2.47
2005,Maize,Alluvial,5.53,204,74,57,535,23.9,50,2988,1746,226,2.34,2.47
2018,Sugarcane,Alluvial,6.15,182,48,88,415,18.8,41,2772,1993,101,0.82,4.46
2019,Sugarcane,Laterite,7.49,103,43,106,525,28.1,40,2503,2312,128,1.38,7.98
2022,Cotton,Black,6.95,228,93,111,481,18.0,31,2134,883,434,3.62,6.67
2006,Soybean,Red,5.52,217,36,117,1641,26.1,79,1885,1495,371,2.82,2.37
2021,Millet,Alluvial,7.91,189,37,72,509,25.5,70,2533,1885,113,3.95,8.74
2022,Wheat,Black,7.82,157,61,34,1715,29.7,31,2674,1585,57,3.11,6.61
2010,Millet,Desert,7.15,180,64,115,2443,16.1,63,2163,2393,263,3.78,9.67
2008,Sugarcane,Alluvial,5.7,225,36,45,1193,32.8,32,1859,1142,74,1.02,7.2
2005,Rice,Black,7.8,221,92,67,2181,29.1,45,3073,1509,499,3.13,2.99
2012,Maize,Black,7.25,241,33,114,1409,19.3,80,2359,1233,305,0.28,5.53
2011,Groundnut,Red,7.85,207,68,38,2326,18.7,33,1916,2433,292,2.75,7.01
2007,Millet,Red,7.76,137,48,28,693,23.6,52,2673,1820,247,1.98,1.74
2014,Sugarcane,Desert,7.91,155,23,83,1143,31.4,86,2714,1008,143,1.52,1.63
2014,Maize,Black,7.05,229,39,112,1824,31.9,79,2767,370,256,3.48,2.6
2018,Pulses,Mountain,5.92,115,66,73,903,25.4,49,2798,2460,484,3.45,3.64
2006,Soybean,Black,7.51,243,28,70,881,32.2,54,1843,1753,486,0.28,5.15
2005,Barley,Red,7.36,101,96,58,2342,15.1,59,2308,1795,64,2.52,5.64
2022,Cotton,Mountain,7.73,206,98,23,2239,15.7,47,2988,1823,227,1.6,2.67
2011,Maize,Alluvial,6.01,159,46,22,432,33.2,71,3191,226,427,1.78,7.22
2012,Rice,Alluvial,6.08,179,34,83,1275,30.5,40,3115,1213,124,3.36,6.57
2005,Rice,Laterite,8.17,175,38,48,2113,24.0,58,2648,1291,153,1.38,4.0
2007,Maize,Red,7.75,240,71,30,1843,30.1,46,2716,607,343,3.78,1.62
2012,Rice,Laterite,8.22,243,45,116,1657,34.1,55,2697,1332,217,0.88,2.16
2019,Soybean,Mountain,7.78,227,45,77,338,30.4,85,2598,273,499,2.72,4.83
2009,Rice,Red,7.29,97,45,94,1616,31.8,86,2675,879,164,2.75,2.81
2007,Millet,Desert,7.46,117,65,46,461,30.2,52,2085,1591,88,1.16,4.7
2005,Barley,Black,8.17,230,68,116,2209,18.4,85,3027,1048,413,1.43,6.84
2019,Rice,Desert,7.24,188,72,40,1427,31.7,81,2483,1069,322,3.37,6.15
2012,Barley,Mountain,7.4,202,22,58,1958,18.9,77,2618,436,184,3.09,3.46
2006,Sugarcane,Red,5.97,223,85,114,2263,32.9,49,1920,1105,423,1.45,4.42
2007,Wheat,Mountain,6.92,228,61,65,1357,24.2,74,2744,818,281,2.23,6.72
2018,Soybean,Black,7.65,183,38,85,1266,28.5,31,2817,1232,88,0.43,8.82
2018,Wheat,Alluvial,6.31,219,36,110,1189,24.9,53,3011,2443,340,0.99,7.9
2015,Sugarcane,Alluvial,6.11,223,52,55,2460,16.9,60,2706,1513,356,2.05,6.2
2020,Soybean,Mountain,6.44,160,95,94,2370,20.8,56,1812,1046,96,0.53,4.58
2008,Maize,Laterite,6.22,166,68,101,1966,34.7,31,2402,2123,85,3.4,4.6
2009,Maize,Red,6.14,221,75,84,1741,34.2,86,1999,833,369,2.93,8.98
2018,Barley,Red,6.77,140,82,82,1367,21.4,43,2385,1217,144,3.79,1.83
2020,Sugarcane,Alluvial,8.22,125,22,118,427,34.9,33,2247,207,410,2.84,9.9
2022,Barley,Desert,7.02,111,68,54,457,31.9,78,2640,1592,62,3.77,7.15
2011,Cotton,Black,6.06,94,74,50,1126,27.2,42,2894,1268,195,2.31,7.29
2014,Rice,Desert,5.73,123,45,47,2190,15.8,65,2389,1980,454,2.48,1.82
2011,Groundnut,Desert,7.59,224,91,20,811,33.0,64,2953,1842,417,3.91,6.65
2005,Cotton,Mountain,6.65,248,71,44,2392,26.1,73,2688,1416,114,2.64,5.62
2020,Rice,Alluvial,7.97,133,26,62,742,32.4,83,1842,1048,277,0.32,2.4
2008,Soybean,Alluvial,7.48,123,65,103,2026,31.7,84,2319,1580,291,2.95,3.86
2022,Barley,Alluvial,7.89,177,65,86,2306,31.7,37,2836,261,57,3.64,9.07
2006,Soybean,Mountain,6.32,84,35,82,1995,29.0,31,2524,1285,353,3.22,6.17
2005,Soybean,Laterite,7.58,188,43,70,566,20.8,35,2422,2017,390,2.42,5.01
2019,Rice,Desert,6.29,106,80,21,1137,21.7,60,2787,832,92,2.75,2.12
2009,Sugarcane,Mountain,8.32,195,73,101,788,21.2,83,2602,991,293,3.96,7.57
2015,Rice,Red,7.41,166,81,83,1001,15.4,39,2334,1500,230,0.54,7.47
2014,Pulses,Black,6.47,183,20,93,986,26.7,73,2101,1654,134,2.74,6.72
2006,Maize,Laterite,6.31,202,68,88,1295,29.0,50,2326,1338,204,1.28,5.84
2007,Maize,Red,6.07,158,44,28,656,32.1,71,2938,1911,324,2.63,5.19
2016,Cotton,Desert,7.58,122,29,21,1171,17.8,39,2259,724,72,2.51,6.54
2009,Maize,Alluvial,6.16,176,99,53,2273,25.9,52,2631,2220,164,0.78,3.48
2009,Rice,Desert,7.29,110,35,79,851,15.2,32,2304,1098,355,0.99,9.5
2010,Millet,Mountain,6.29,178,77,80,2110,16.9,61,3131,2410,484,2.56,6.5
2013,Barley,Black,7.49,96,91,50,622,16.1,49,2731,986,348,0.69,4.15
2006,Rice,Mountain,7.94,162,48,29,382,29.5,39,2124,1560,148,1.21,5.32
2016,Rice,Laterite,7.83,189,25,95,561,16.6,58,2378,372,153,3.37,8.35
2007,Groundnut,Laterite,7.78,111,35,55,1083,29.3,70,2560,1199,421,1.44,2.87
2016,Barley,Black,6.06,247,39,104,1523,20.0,81,2998,2010,100,2.05,3.99
2021,Pulses,Red,5.77,220,99,68,1213,32.6,80,2650,263,411,3.78,7.28
2014,Maize,Red,7.6,114,90,89,1243,31.3,75,2995,1545,161,1.06,4.18
2018,Barley,Laterite,6.61,212,97,68,1618,34.2,63,2759,1174,293,1.68,8.24
2021,Maize,Laterite,6.8,108,62,22,1835,32.7,66,2301,265,218,2.5,2.61
2022,Cotton,Alluvial,5.59,149,45,93,988,33.7,49,2133,2066,121,3.07,7.98
2021,Barley,Red,6.28,232,97,24,2072,32.2,37,2083,1822,188,3.63,2.08
2018,Maize,Black,5.6,174,90,109,1138,28.9,36,2274,657,385,3.68,1.61
2013,Pulses,Red,8.14,101,52,80,1177,18.4,35,2877,1802,280,3.15,9.13
2012,Wheat,Alluvial,6.23,148,45,104,348,20.4,40,2431,2157,288,1.07,6.44
2006,Soybean,Mountain,7.17,168,64,109,592,19.3,73,2502,1940,302,0.29,4.49
